variable_name,datasets_involved,conflict_type,evidence,proposed_change,risk_note
cbsatitle,msa_keys.dta; msa_tract_race_pop.dta,naming,storage_type: str46 (msa_keys.dta) | str57 (msa_tract_race_pop.dta),Choose one storage convention or rename variables if concepts differ.,"Same name with different storage can break appends, merges, or pooled code."
eb_number,pc01_pdf_eb_clean.dta; pc11_pdf_eb_clean.dta,naming,storage_type: Q (pc01_pdf_eb_clean.dta) | str33 (pc11_pdf_eb_clean.dta),Choose one storage convention or rename variables if concepts differ.,"Same name with different storage can break appends, merges, or pooled code."
location_code,pc01_hb_eb_pop.dta; pc01_pdf_eb_clean.dta; pc11_pdf_eb_clean.dta,naming,storage_type: Q (pc01_pdf_eb_clean.dta) | str14 (pc01_hb_eb_pop.dta) | str32 (pc11_pdf_eb_clean.dta),Choose one storage convention or rename variables if concepts differ.,"Same name with different storage can break appends, merges, or pooled code."
location_code_tmp,pc01_pdf_eb_clean.dta; pc11_pdf_eb_clean.dta,naming,storage_type: str6 (pc11_pdf_eb_clean.dta) | str8 (pc01_pdf_eb_clean.dta),Choose one storage convention or rename variables if concepts differ.,"Same name with different storage can break appends, merges, or pooled code."
pc01_district_id,pc01_hb_eb_pop.dta; pc01_pdf_shrid_key.dta; pc01u_pca_clean.dta; pc11_pdf_shrid_key.dta,naming,storage_type: byte (pc01_hb_eb_pop.dta) | str2 (pc01_pdf_shrid_key.dta; pc01u_pca_clean.dta; pc11_pdf_shrid_key.dta),Choose one storage convention or rename variables if concepts differ.,"Same name with different storage can break appends, merges, or pooled code."
pc01_pca_tot_p,pc01_hb_eb_pop.dta; pc01_pdf_shrid_key.dta; pc01u_pca_clean.dta,naming,storage_type: double (pc01_hb_eb_pop.dta) | long (pc01_pdf_shrid_key.dta; pc01u_pca_clean.dta),Choose one storage convention or rename variables if concepts differ.,"Same name with different storage can break appends, merges, or pooled code."
pc01_state_id,pc01_hb_eb_pop.dta; pc01_pdf_shrid_key.dta; pc01u_pca_clean.dta; pc11_pdf_shrid_key.dta; shrug_pc01u_key.dta,naming,storage_type: byte (pc01_hb_eb_pop.dta) | str2 (pc01_pdf_shrid_key.dta; pc01u_pca_clean.dta; pc11_pdf_shrid_key.dta; shrug_pc01u_key.dta),Choose one storage convention or rename variables if concepts differ.,"Same name with different storage can break appends, merges, or pooled code."
pc01_state_name,pc01_hb_eb_pop.dta; pc01_pdf_shrid_key.dta; pc01u_pca_clean.dta,naming,storage_type: str17 (pc01_pdf_shrid_key.dta) | str23 (pc01_hb_eb_pop.dta; pc01u_pca_clean.dta),Choose one storage convention or rename variables if concepts differ.,"Same name with different storage can break appends, merges, or pooled code."
pc01_town_name,pc01_pdf_shrid_key.dta; pc01u_pca_clean.dta,naming,storage_type: str41 (pc01_pdf_shrid_key.dta) | str66 (pc01u_pca_clean.dta),Choose one storage convention or rename variables if concepts differ.,"Same name with different storage can break appends, merges, or pooled code."
pc11_pca_f_06,pc11r_pca_clean.dta; pc11u_pca_clean.dta; shrug_pc11_pca.dta,naming,storage_type: float (shrug_pc11_pca.dta; shrug_pc11_pca.dta) | int (pc11r_pca_clean.dta) | long (pc11u_pca_clean.dta),Choose one storage convention or rename variables if concepts differ.,"Same name with different storage can break appends, merges, or pooled code."
pc11_pca_f_ill,pc11r_pca_clean.dta; pc11u_pca_clean.dta; shrug_pc11_pca.dta,naming,storage_type: float (shrug_pc11_pca.dta; shrug_pc11_pca.dta) | int (pc11r_pca_clean.dta) | long (pc11u_pca_clean.dta),Choose one storage convention or rename variables if concepts differ.,"Same name with different storage can break appends, merges, or pooled code."
pc11_pca_f_lit,pc11r_pca_clean.dta; pc11u_pca_clean.dta; shrug_pc11_pca.dta,naming,storage_type: float (shrug_pc11_pca.dta; shrug_pc11_pca.dta) | int (pc11r_pca_clean.dta) | long (pc11u_pca_clean.dta),Choose one storage convention or rename variables if concepts differ.,"Same name with different storage can break appends, merges, or pooled code."
pc11_pca_f_sc,pc11r_pca_clean.dta; pc11u_pca_clean.dta; shrug_pc11_pca.dta,naming,storage_type: float (shrug_pc11_pca.dta; shrug_pc11_pca.dta) | int (pc11r_pca_clean.dta) | long (pc11u_pca_clean.dta),Choose one storage convention or rename variables if concepts differ.,"Same name with different storage can break appends, merges, or pooled code."
pc11_pca_f_st,pc11r_pca_clean.dta; pc11u_pca_clean.dta; shrug_pc11_pca.dta,naming,storage_type: float (shrug_pc11_pca.dta; shrug_pc11_pca.dta) | int (pc11r_pca_clean.dta) | long (pc11u_pca_clean.dta),Choose one storage convention or rename variables if concepts differ.,"Same name with different storage can break appends, merges, or pooled code."
pc11_pca_m_06,pc11r_pca_clean.dta; pc11u_pca_clean.dta; shrug_pc11_pca.dta,naming,storage_type: float (shrug_pc11_pca.dta; shrug_pc11_pca.dta) | int (pc11r_pca_clean.dta) | long (pc11u_pca_clean.dta),Choose one storage convention or rename variables if concepts differ.,"Same name with different storage can break appends, merges, or pooled code."
pc11_pca_m_ill,pc11r_pca_clean.dta; pc11u_pca_clean.dta; shrug_pc11_pca.dta,naming,storage_type: float (shrug_pc11_pca.dta; shrug_pc11_pca.dta) | int (pc11r_pca_clean.dta) | long (pc11u_pca_clean.dta),Choose one storage convention or rename variables if concepts differ.,"Same name with different storage can break appends, merges, or pooled code."
pc11_pca_m_lit,pc11r_pca_clean.dta; pc11u_pca_clean.dta; shrug_pc11_pca.dta,naming,storage_type: float (shrug_pc11_pca.dta; shrug_pc11_pca.dta) | int (pc11r_pca_clean.dta) | long (pc11u_pca_clean.dta),Choose one storage convention or rename variables if concepts differ.,"Same name with different storage can break appends, merges, or pooled code."
pc11_pca_m_sc,pc11r_pca_clean.dta; pc11u_pca_clean.dta; shrug_pc11_pca.dta,naming,storage_type: float (shrug_pc11_pca.dta; shrug_pc11_pca.dta) | int (pc11r_pca_clean.dta) | long (pc11u_pca_clean.dta),Choose one storage convention or rename variables if concepts differ.,"Same name with different storage can break appends, merges, or pooled code."
pc11_pca_m_st,pc11r_pca_clean.dta; pc11u_pca_clean.dta; shrug_pc11_pca.dta,naming,storage_type: float (shrug_pc11_pca.dta; shrug_pc11_pca.dta) | int (pc11r_pca_clean.dta) | long (pc11u_pca_clean.dta),Choose one storage convention or rename variables if concepts differ.,"Same name with different storage can break appends, merges, or pooled code."
pc11_pca_main_al_f,pc11r_pca_clean.dta; pc11u_pca_clean.dta; shrug_pc11_pca.dta,naming,storage_type: float (shrug_pc11_pca.dta; shrug_pc11_pca.dta) | int (pc11r_pca_clean.dta; pc11u_pca_clean.dta),Choose one storage convention or rename variables if concepts differ.,"Same name with different storage can break appends, merges, or pooled code."
pc11_pca_main_al_m,pc11r_pca_clean.dta; pc11u_pca_clean.dta; shrug_pc11_pca.dta,naming,storage_type: float (shrug_pc11_pca.dta; shrug_pc11_pca.dta) | int (pc11r_pca_clean.dta; pc11u_pca_clean.dta),Choose one storage convention or rename variables if concepts differ.,"Same name with different storage can break appends, merges, or pooled code."
pc11_pca_main_al_p,pc11r_pca_clean.dta; pc11u_pca_clean.dta; shrug_pc11_pca.dta,naming,storage_type: float (shrug_pc11_pca.dta; shrug_pc11_pca.dta) | int (pc11r_pca_clean.dta) | long (pc11u_pca_clean.dta),Choose one storage convention or rename variables if concepts differ.,"Same name with different storage can break appends, merges, or pooled code."
pc11_pca_main_cl_f,pc11r_pca_clean.dta; pc11u_pca_clean.dta; shrug_pc11_pca.dta,naming,storage_type: float (shrug_pc11_pca.dta; shrug_pc11_pca.dta) | int (pc11r_pca_clean.dta; pc11u_pca_clean.dta),Choose one storage convention or rename variables if concepts differ.,"Same name with different storage can break appends, merges, or pooled code."
pc11_pca_main_cl_m,pc11r_pca_clean.dta; pc11u_pca_clean.dta; shrug_pc11_pca.dta,naming,storage_type: float (shrug_pc11_pca.dta; shrug_pc11_pca.dta) | int (pc11r_pca_clean.dta; pc11u_pca_clean.dta),Choose one storage convention or rename variables if concepts differ.,"Same name with different storage can break appends, merges, or pooled code."
pc11_pca_main_cl_p,pc11r_pca_clean.dta; pc11u_pca_clean.dta; shrug_pc11_pca.dta,naming,storage_type: float (shrug_pc11_pca.dta; shrug_pc11_pca.dta) | int (pc11r_pca_clean.dta; pc11u_pca_clean.dta),Choose one storage convention or rename variables if concepts differ.,"Same name with different storage can break appends, merges, or pooled code."
pc11_pca_main_hh_f,pc11r_pca_clean.dta; pc11u_pca_clean.dta; shrug_pc11_pca.dta,naming,storage_type: float (shrug_pc11_pca.dta; shrug_pc11_pca.dta) | int (pc11r_pca_clean.dta; pc11u_pca_clean.dta),Choose one storage convention or rename variables if concepts differ.,"Same name with different storage can break appends, merges, or pooled code."
pc11_pca_main_hh_m,pc11r_pca_clean.dta; pc11u_pca_clean.dta; shrug_pc11_pca.dta,naming,storage_type: float (shrug_pc11_pca.dta; shrug_pc11_pca.dta) | int (pc11r_pca_clean.dta) | long (pc11u_pca_clean.dta),Choose one storage convention or rename variables if concepts differ.,"Same name with different storage can break appends, merges, or pooled code."
pc11_pca_main_hh_p,pc11r_pca_clean.dta; pc11u_pca_clean.dta; shrug_pc11_pca.dta,naming,storage_type: float (shrug_pc11_pca.dta; shrug_pc11_pca.dta) | int (pc11r_pca_clean.dta) | long (pc11u_pca_clean.dta),Choose one storage convention or rename variables if concepts differ.,"Same name with different storage can break appends, merges, or pooled code."
pc11_pca_main_ot_f,pc11r_pca_clean.dta; pc11u_pca_clean.dta; shrug_pc11_pca.dta,naming,storage_type: float (shrug_pc11_pca.dta; shrug_pc11_pca.dta) | int (pc11r_pca_clean.dta) | long (pc11u_pca_clean.dta),Choose one storage convention or rename variables if concepts differ.,"Same name with different storage can break appends, merges, or pooled code."
pc11_pca_main_ot_m,pc11r_pca_clean.dta; pc11u_pca_clean.dta; shrug_pc11_pca.dta,naming,storage_type: float (shrug_pc11_pca.dta; shrug_pc11_pca.dta) | int (pc11r_pca_clean.dta) | long (pc11u_pca_clean.dta),Choose one storage convention or rename variables if concepts differ.,"Same name with different storage can break appends, merges, or pooled code."
pc11_pca_main_ot_p,pc11r_pca_clean.dta; pc11u_pca_clean.dta; shrug_pc11_pca.dta,naming,storage_type: float (shrug_pc11_pca.dta; shrug_pc11_pca.dta) | int (pc11r_pca_clean.dta) | long (pc11u_pca_clean.dta),Choose one storage convention or rename variables if concepts differ.,"Same name with different storage can break appends, merges, or pooled code."
pc11_pca_mainwork_f,pc11r_pca_clean.dta; pc11u_pca_clean.dta; shrug_pc11_pca.dta,naming,storage_type: float (shrug_pc11_pca.dta; shrug_pc11_pca.dta) | int (pc11r_pca_clean.dta) | long (pc11u_pca_clean.dta),Choose one storage convention or rename variables if concepts differ.,"Same name with different storage can break appends, merges, or pooled code."
pc11_pca_mainwork_m,pc11r_pca_clean.dta; pc11u_pca_clean.dta; shrug_pc11_pca.dta,naming,storage_type: float (shrug_pc11_pca.dta; shrug_pc11_pca.dta) | int (pc11r_pca_clean.dta) | long (pc11u_pca_clean.dta),Choose one storage convention or rename variables if concepts differ.,"Same name with different storage can break appends, merges, or pooled code."
pc11_pca_mainwork_p,pc11r_pca_clean.dta; pc11u_pca_clean.dta; shrug_pc11_pca.dta,naming,storage_type: float (shrug_pc11_pca.dta; shrug_pc11_pca.dta) | int (pc11r_pca_clean.dta) | long (pc11u_pca_clean.dta),Choose one storage convention or rename variables if concepts differ.,"Same name with different storage can break appends, merges, or pooled code."
pc11_pca_marg_al03_p,pc11r_pca_clean.dta; pc11u_pca_clean.dta; shrug_pc11_pca.dta,naming,storage_type: float (shrug_pc11_pca.dta; shrug_pc11_pca.dta) | int (pc11r_pca_clean.dta; pc11u_pca_clean.dta),Choose one storage convention or rename variables if concepts differ.,"Same name with different storage can break appends, merges, or pooled code."
pc11_pca_marg_al36_f,pc11r_pca_clean.dta; pc11u_pca_clean.dta; shrug_pc11_pca.dta,naming,storage_type: float (shrug_pc11_pca.dta; shrug_pc11_pca.dta) | int (pc11r_pca_clean.dta; pc11u_pca_clean.dta),Choose one storage convention or rename variables if concepts differ.,"Same name with different storage can break appends, merges, or pooled code."
pc11_pca_marg_al36_m,pc11r_pca_clean.dta; pc11u_pca_clean.dta; shrug_pc11_pca.dta,naming,storage_type: float (shrug_pc11_pca.dta; shrug_pc11_pca.dta) | int (pc11r_pca_clean.dta; pc11u_pca_clean.dta),Choose one storage convention or rename variables if concepts differ.,"Same name with different storage can break appends, merges, or pooled code."
pc11_pca_marg_al36_p,pc11r_pca_clean.dta; pc11u_pca_clean.dta; shrug_pc11_pca.dta,naming,storage_type: float (shrug_pc11_pca.dta; shrug_pc11_pca.dta) | int (pc11r_pca_clean.dta; pc11u_pca_clean.dta),Choose one storage convention or rename variables if concepts differ.,"Same name with different storage can break appends, merges, or pooled code."
pc11_pca_marg_al_f,pc11r_pca_clean.dta; pc11u_pca_clean.dta; shrug_pc11_pca.dta,naming,storage_type: float (shrug_pc11_pca.dta; shrug_pc11_pca.dta) | int (pc11r_pca_clean.dta; pc11u_pca_clean.dta),Choose one storage convention or rename variables if concepts differ.,"Same name with different storage can break appends, merges, or pooled code."
pc11_pca_marg_al_m,pc11r_pca_clean.dta; pc11u_pca_clean.dta; shrug_pc11_pca.dta,naming,storage_type: float (shrug_pc11_pca.dta; shrug_pc11_pca.dta) | int (pc11r_pca_clean.dta; pc11u_pca_clean.dta),Choose one storage convention or rename variables if concepts differ.,"Same name with different storage can break appends, merges, or pooled code."
pc11_pca_marg_al_p,pc11r_pca_clean.dta; pc11u_pca_clean.dta; shrug_pc11_pca.dta,naming,storage_type: float (shrug_pc11_pca.dta; shrug_pc11_pca.dta) | int (pc11r_pca_clean.dta; pc11u_pca_clean.dta),Choose one storage convention or rename variables if concepts differ.,"Same name with different storage can break appends, merges, or pooled code."
pc11_pca_marg_cl36_p,pc11r_pca_clean.dta; pc11u_pca_clean.dta; shrug_pc11_pca.dta,naming,storage_type: float (shrug_pc11_pca.dta; shrug_pc11_pca.dta) | int (pc11r_pca_clean.dta; pc11u_pca_clean.dta),Choose one storage convention or rename variables if concepts differ.,"Same name with different storage can break appends, merges, or pooled code."
pc11_pca_marg_cl_p,pc11r_pca_clean.dta; pc11u_pca_clean.dta; shrug_pc11_pca.dta,naming,storage_type: float (shrug_pc11_pca.dta; shrug_pc11_pca.dta) | int (pc11r_pca_clean.dta; pc11u_pca_clean.dta),Choose one storage convention or rename variables if concepts differ.,"Same name with different storage can break appends, merges, or pooled code."
pc11_pca_marg_hh36_p,pc11r_pca_clean.dta; pc11u_pca_clean.dta; shrug_pc11_pca.dta,naming,storage_type: float (shrug_pc11_pca.dta; shrug_pc11_pca.dta) | int (pc11r_pca_clean.dta; pc11u_pca_clean.dta),Choose one storage convention or rename variables if concepts differ.,"Same name with different storage can break appends, merges, or pooled code."
pc11_pca_marg_hh_p,pc11r_pca_clean.dta; pc11u_pca_clean.dta; shrug_pc11_pca.dta,naming,storage_type: float (shrug_pc11_pca.dta; shrug_pc11_pca.dta) | int (pc11r_pca_clean.dta; pc11u_pca_clean.dta),Choose one storage convention or rename variables if concepts differ.,"Same name with different storage can break appends, merges, or pooled code."
pc11_pca_marg_ot03_m,pc11r_pca_clean.dta; pc11u_pca_clean.dta; shrug_pc11_pca.dta,naming,storage_type: float (shrug_pc11_pca.dta; shrug_pc11_pca.dta) | int (pc11r_pca_clean.dta; pc11u_pca_clean.dta),Choose one storage convention or rename variables if concepts differ.,"Same name with different storage can break appends, merges, or pooled code."
pc11_pca_marg_ot03_p,pc11r_pca_clean.dta; pc11u_pca_clean.dta; shrug_pc11_pca.dta,naming,storage_type: float (shrug_pc11_pca.dta; shrug_pc11_pca.dta) | int (pc11r_pca_clean.dta; pc11u_pca_clean.dta),Choose one storage convention or rename variables if concepts differ.,"Same name with different storage can break appends, merges, or pooled code."
pc11_pca_marg_ot36_f,pc11r_pca_clean.dta; pc11u_pca_clean.dta; shrug_pc11_pca.dta,naming,storage_type: float (shrug_pc11_pca.dta; shrug_pc11_pca.dta) | int (pc11r_pca_clean.dta) | long (pc11u_pca_clean.dta),Choose one storage convention or rename variables if concepts differ.,"Same name with different storage can break appends, merges, or pooled code."
pc11_pca_marg_ot36_m,pc11r_pca_clean.dta; pc11u_pca_clean.dta; shrug_pc11_pca.dta,naming,storage_type: float (shrug_pc11_pca.dta; shrug_pc11_pca.dta) | int (pc11r_pca_clean.dta) | long (pc11u_pca_clean.dta),Choose one storage convention or rename variables if concepts differ.,"Same name with different storage can break appends, merges, or pooled code."
pc11_pca_marg_ot36_p,pc11r_pca_clean.dta; pc11u_pca_clean.dta; shrug_pc11_pca.dta,naming,storage_type: float (shrug_pc11_pca.dta; shrug_pc11_pca.dta) | int (pc11r_pca_clean.dta) | long (pc11u_pca_clean.dta),Choose one storage convention or rename variables if concepts differ.,"Same name with different storage can break appends, merges, or pooled code."
pc11_pca_marg_ot_f,pc11r_pca_clean.dta; pc11u_pca_clean.dta; shrug_pc11_pca.dta,naming,storage_type: float (shrug_pc11_pca.dta; shrug_pc11_pca.dta) | int (pc11r_pca_clean.dta) | long (pc11u_pca_clean.dta),Choose one storage convention or rename variables if concepts differ.,"Same name with different storage can break appends, merges, or pooled code."
pc11_pca_marg_ot_m,pc11r_pca_clean.dta; pc11u_pca_clean.dta; shrug_pc11_pca.dta,naming,storage_type: float (shrug_pc11_pca.dta; shrug_pc11_pca.dta) | int (pc11r_pca_clean.dta) | long (pc11u_pca_clean.dta),Choose one storage convention or rename variables if concepts differ.,"Same name with different storage can break appends, merges, or pooled code."
pc11_pca_marg_ot_p,pc11r_pca_clean.dta; pc11u_pca_clean.dta; shrug_pc11_pca.dta,naming,storage_type: float (shrug_pc11_pca.dta; shrug_pc11_pca.dta) | int (pc11r_pca_clean.dta) | long (pc11u_pca_clean.dta),Choose one storage convention or rename variables if concepts differ.,"Same name with different storage can break appends, merges, or pooled code."
pc11_pca_margwork03_f,pc11r_pca_clean.dta; pc11u_pca_clean.dta; shrug_pc11_pca.dta,naming,storage_type: float (shrug_pc11_pca.dta; shrug_pc11_pca.dta) | int (pc11r_pca_clean.dta; pc11u_pca_clean.dta),Choose one storage convention or rename variables if concepts differ.,"Same name with different storage can break appends, merges, or pooled code."
pc11_pca_margwork03_m,pc11r_pca_clean.dta; pc11u_pca_clean.dta; shrug_pc11_pca.dta,naming,storage_type: float (shrug_pc11_pca.dta; shrug_pc11_pca.dta) | int (pc11r_pca_clean.dta; pc11u_pca_clean.dta),Choose one storage convention or rename variables if concepts differ.,"Same name with different storage can break appends, merges, or pooled code."
pc11_pca_margwork03_p,pc11r_pca_clean.dta; pc11u_pca_clean.dta; shrug_pc11_pca.dta,naming,storage_type: float (shrug_pc11_pca.dta; shrug_pc11_pca.dta) | int (pc11r_pca_clean.dta) | long (pc11u_pca_clean.dta),Choose one storage convention or rename variables if concepts differ.,"Same name with different storage can break appends, merges, or pooled code."
pc11_pca_margwork36_f,pc11r_pca_clean.dta; pc11u_pca_clean.dta; shrug_pc11_pca.dta,naming,storage_type: float (shrug_pc11_pca.dta; shrug_pc11_pca.dta) | int (pc11r_pca_clean.dta) | long (pc11u_pca_clean.dta),Choose one storage convention or rename variables if concepts differ.,"Same name with different storage can break appends, merges, or pooled code."
pc11_pca_margwork36_m,pc11r_pca_clean.dta; pc11u_pca_clean.dta; shrug_pc11_pca.dta,naming,storage_type: float (shrug_pc11_pca.dta; shrug_pc11_pca.dta) | int (pc11r_pca_clean.dta) | long (pc11u_pca_clean.dta),Choose one storage convention or rename variables if concepts differ.,"Same name with different storage can break appends, merges, or pooled code."
pc11_pca_margwork36_p,pc11r_pca_clean.dta; pc11u_pca_clean.dta; shrug_pc11_pca.dta,naming,storage_type: float (shrug_pc11_pca.dta; shrug_pc11_pca.dta) | int (pc11r_pca_clean.dta) | long (pc11u_pca_clean.dta),Choose one storage convention or rename variables if concepts differ.,"Same name with different storage can break appends, merges, or pooled code."
pc11_pca_margwork_f,pc11r_pca_clean.dta; pc11u_pca_clean.dta; shrug_pc11_pca.dta,naming,storage_type: float (shrug_pc11_pca.dta; shrug_pc11_pca.dta) | int (pc11r_pca_clean.dta) | long (pc11u_pca_clean.dta),Choose one storage convention or rename variables if concepts differ.,"Same name with different storage can break appends, merges, or pooled code."
pc11_pca_margwork_m,pc11r_pca_clean.dta; pc11u_pca_clean.dta; shrug_pc11_pca.dta,naming,storage_type: float (shrug_pc11_pca.dta; shrug_pc11_pca.dta) | int (pc11r_pca_clean.dta) | long (pc11u_pca_clean.dta),Choose one storage convention or rename variables if concepts differ.,"Same name with different storage can break appends, merges, or pooled code."
pc11_pca_margwork_p,pc11r_pca_clean.dta; pc11u_pca_clean.dta; shrug_pc11_pca.dta,naming,storage_type: float (shrug_pc11_pca.dta; shrug_pc11_pca.dta) | int (pc11r_pca_clean.dta) | long (pc11u_pca_clean.dta),Choose one storage convention or rename variables if concepts differ.,"Same name with different storage can break appends, merges, or pooled code."
pc11_pca_no_hh,pc11r_pca_clean.dta; pc11u_pca_clean.dta; shrug_pc11_pca.dta,naming,storage_type: float (shrug_pc11_pca.dta; shrug_pc11_pca.dta) | int (pc11r_pca_clean.dta) | long (pc11u_pca_clean.dta),Choose one storage convention or rename variables if concepts differ.,"Same name with different storage can break appends, merges, or pooled code."
pc11_pca_non_work_f,pc11r_pca_clean.dta; pc11u_pca_clean.dta; shrug_pc11_pca.dta,naming,storage_type: float (shrug_pc11_pca.dta; shrug_pc11_pca.dta) | int (pc11r_pca_clean.dta) | long (pc11u_pca_clean.dta),Choose one storage convention or rename variables if concepts differ.,"Same name with different storage can break appends, merges, or pooled code."
pc11_pca_non_work_m,pc11r_pca_clean.dta; pc11u_pca_clean.dta; shrug_pc11_pca.dta,naming,storage_type: float (shrug_pc11_pca.dta; shrug_pc11_pca.dta) | int (pc11r_pca_clean.dta) | long (pc11u_pca_clean.dta),Choose one storage convention or rename variables if concepts differ.,"Same name with different storage can break appends, merges, or pooled code."
pc11_pca_non_work_p,pc11r_pca_clean.dta; pc11u_pca_clean.dta; shrug_pc11_pca.dta,naming,storage_type: float (shrug_pc11_pca.dta; shrug_pc11_pca.dta) | long (pc11r_pca_clean.dta; pc11u_pca_clean.dta),Choose one storage convention or rename variables if concepts differ.,"Same name with different storage can break appends, merges, or pooled code."
pc11_pca_p_06,pc11r_pca_clean.dta; pc11u_pca_clean.dta; shrug_pc11_pca.dta,naming,storage_type: float (shrug_pc11_pca.dta; shrug_pc11_pca.dta) | int (pc11r_pca_clean.dta) | long (pc11u_pca_clean.dta),Choose one storage convention or rename variables if concepts differ.,"Same name with different storage can break appends, merges, or pooled code."
pc11_pca_p_ill,pc11r_pca_clean.dta; pc11u_pca_clean.dta; shrug_pc11_pca.dta,naming,storage_type: float (shrug_pc11_pca.dta; shrug_pc11_pca.dta) | int (pc11r_pca_clean.dta) | long (pc11u_pca_clean.dta),Choose one storage convention or rename variables if concepts differ.,"Same name with different storage can break appends, merges, or pooled code."
pc11_pca_p_lit,pc11r_pca_clean.dta; pc11u_pca_clean.dta; shrug_pc11_pca.dta,naming,storage_type: float (shrug_pc11_pca.dta; shrug_pc11_pca.dta) | long (pc11r_pca_clean.dta; pc11u_pca_clean.dta),Choose one storage convention or rename variables if concepts differ.,"Same name with different storage can break appends, merges, or pooled code."
pc11_pca_p_sc,pc11_pdf_shrid_key.dta; pc11r_pca_clean.dta; pc11u_pca_clean.dta; shrug_pc11_pca.dta,naming,storage_type: float (shrug_pc11_pca.dta; shrug_pc11_pca.dta) | int (pc11r_pca_clean.dta) | long (pc11_pdf_shrid_key.dta; pc11u_pca_clean.dta),Choose one storage convention or rename variables if concepts differ.,"Same name with different storage can break appends, merges, or pooled code."
pc11_pca_p_st,pc11_pdf_shrid_key.dta; pc11r_pca_clean.dta; pc11u_pca_clean.dta; shrug_pc11_pca.dta,naming,storage_type: float (shrug_pc11_pca.dta; shrug_pc11_pca.dta) | long (pc11_pdf_shrid_key.dta; pc11r_pca_clean.dta; pc11u_pca_clean.dta),Choose one storage convention or rename variables if concepts differ.,"Same name with different storage can break appends, merges, or pooled code."
pc11_pca_tot_f,pc11r_pca_clean.dta; pc11u_pca_clean.dta; shrug_pc11_pca.dta,naming,storage_type: float (shrug_pc11_pca.dta; shrug_pc11_pca.dta) | int (pc11r_pca_clean.dta) | long (pc11u_pca_clean.dta),Choose one storage convention or rename variables if concepts differ.,"Same name with different storage can break appends, merges, or pooled code."
pc11_pca_tot_m,pc11r_pca_clean.dta; pc11u_pca_clean.dta; shrug_pc11_pca.dta,naming,storage_type: float (shrug_pc11_pca.dta; shrug_pc11_pca.dta) | long (pc11r_pca_clean.dta; pc11u_pca_clean.dta),Choose one storage convention or rename variables if concepts differ.,"Same name with different storage can break appends, merges, or pooled code."
pc11_pca_tot_p,pc11_pdf_shrid_key.dta; pc11r_pca_clean.dta; pc11u_pca_clean.dta; segregation_citydata_rural_200.dta; segregation_citydata_urban_200.dta; segregation_citydata_urban_4000.dta; shrug_pc11_pca.dta,naming,storage_type: double (segregation_citydata_rural_200.dta) | float (segregation_citydata_urban_200.dta; segregation_citydata_urban_4000.dta; shrug_pc11_pca.dta; shrug_pc11_pca.dta) | long (pc11_pdf_shrid_key.dta; pc11r_pca_clean.dta; pc11u_pca_clean.dta),Choose one storage convention or rename variables if concepts differ.,"Same name with different storage can break appends, merges, or pooled code."
pc11_pca_tot_work_f,pc11r_pca_clean.dta; pc11u_pca_clean.dta; shrug_pc11_pca.dta,naming,storage_type: float (shrug_pc11_pca.dta; shrug_pc11_pca.dta) | int (pc11r_pca_clean.dta) | long (pc11u_pca_clean.dta),Choose one storage convention or rename variables if concepts differ.,"Same name with different storage can break appends, merges, or pooled code."
pc11_pca_tot_work_m,pc11r_pca_clean.dta; pc11u_pca_clean.dta; shrug_pc11_pca.dta,naming,storage_type: float (shrug_pc11_pca.dta; shrug_pc11_pca.dta) | int (pc11r_pca_clean.dta) | long (pc11u_pca_clean.dta),Choose one storage convention or rename variables if concepts differ.,"Same name with different storage can break appends, merges, or pooled code."
pc11_pca_tot_work_p,pc11r_pca_clean.dta; pc11u_pca_clean.dta; shrug_pc11_pca.dta,naming,storage_type: float (shrug_pc11_pca.dta; shrug_pc11_pca.dta) | int (pc11r_pca_clean.dta) | long (pc11u_pca_clean.dta),Choose one storage convention or rename variables if concepts differ.,"Same name with different storage can break appends, merges, or pooled code."
pc11_state_id,pc11_pdf_shrid_key.dta; pc11r_pca_clean.dta; pc11r_subdistrict_social_group.dta; pc11u_pca_clean.dta; pc11u_town_social_group.dta; seg_correlates.dta; segregation_blockdata_rural_200.dta; segregation_blockdata_rural_4000.dta; segregation_blockdata_urban_200.dta; segregation_blockdata_urban_4000.dta; segregation_citydata_rural_200.dta; segregation_citydata_urban_200.dta; segregation_citydata_urban_4000.dta; shrug_pc11_state_key.dta; shrug_pc11_subdistrict_key.dta,naming,storage_type: str2 (pc11_pdf_shrid_key.dta; pc11r_pca_clean.dta; pc11r_subdistrict_social_group.dta; pc11u_pca_clean.dta; pc11u_town_social_group.dta; seg_correlates.dta; segregation_blockdata_rural_200.dta; segregation_blockdata_rural_4000.dta; segregation_blockdata_urban_200.dta; segregation_blockdata_urban_4000.dta; segregation_citydata_urban_200.dta; segregation_citydata_urban_4000.dta; shrug_pc11_state_key.dta; shrug_pc11_subdistrict_key.dta) | str5 (segregation_cityd...,Choose one storage convention or rename variables if concepts differ.,"Same name with different storage can break appends, merges, or pooled code."
pc11_vd_all_hosp,segregation_citydata_rural_200.dta; shrug_pc11_vd.dta,naming,storage_type: double (segregation_citydata_rural_200.dta) | int (shrug_pc11_vd.dta),Choose one storage convention or rename variables if concepts differ.,"Same name with different storage can break appends, merges, or pooled code."
pc11_vd_all_hosp_doc_tot,segregation_citydata_rural_200.dta; shrug_pc11_vd.dta,naming,storage_type: double (segregation_citydata_rural_200.dta) | int (shrug_pc11_vd.dta),Choose one storage convention or rename variables if concepts differ.,"Same name with different storage can break appends, merges, or pooled code."
pc11_vd_m_sch,segregation_citydata_rural_200.dta; shrug_pc11_vd.dta,naming,storage_type: double (segregation_citydata_rural_200.dta) | int (shrug_pc11_vd.dta),Choose one storage convention or rename variables if concepts differ.,"Same name with different storage can break appends, merges, or pooled code."
pc11_vd_p_sch,segregation_citydata_rural_200.dta; shrug_pc11_vd.dta,naming,storage_type: double (segregation_citydata_rural_200.dta) | int (shrug_pc11_vd.dta),Choose one storage convention or rename variables if concepts differ.,"Same name with different storage can break appends, merges, or pooled code."
pc11_vd_p_sch_gov,segregation_citydata_rural_200.dta; shrug_pc11_vd.dta,naming,storage_type: double (segregation_citydata_rural_200.dta) | int (shrug_pc11_vd.dta),Choose one storage convention or rename variables if concepts differ.,"Same name with different storage can break appends, merges, or pooled code."
pc11_vd_p_sch_priv,segregation_citydata_rural_200.dta; shrug_pc11_vd.dta,naming,storage_type: double (segregation_citydata_rural_200.dta) | int (shrug_pc11_vd.dta),Choose one storage convention or rename variables if concepts differ.,"Same name with different storage can break appends, merges, or pooled code."
pc11_vd_s_sch,segregation_citydata_rural_200.dta; shrug_pc11_vd.dta,naming,storage_type: double (segregation_citydata_rural_200.dta) | int (shrug_pc11_vd.dta),Choose one storage convention or rename variables if concepts differ.,"Same name with different storage can break appends, merges, or pooled code."
pc11_vd_s_sch_gov,segregation_citydata_rural_200.dta; shrug_pc11_vd.dta,naming,storage_type: double (segregation_citydata_rural_200.dta) | int (shrug_pc11_vd.dta),Choose one storage convention or rename variables if concepts differ.,"Same name with different storage can break appends, merges, or pooled code."
pc11_vd_sc_p,segregation_citydata_rural_200.dta; shrug_pc11_vd.dta,naming,storage_type: double (segregation_citydata_rural_200.dta) | long (shrug_pc11_vd.dta),Choose one storage convention or rename variables if concepts differ.,"Same name with different storage can break appends, merges, or pooled code."
pc11_vd_st_p,segregation_citydata_rural_200.dta; shrug_pc11_vd.dta,naming,storage_type: double (segregation_citydata_rural_200.dta) | long (shrug_pc11_vd.dta),Choose one storage convention or rename variables if concepts differ.,"Same name with different storage can break appends, merges, or pooled code."
pc11_vd_t_p,segregation_citydata_rural_200.dta; shrug_pc11_vd.dta,naming,storage_type: double (segregation_citydata_rural_200.dta) | long (shrug_pc11_vd.dta),Choose one storage convention or rename variables if concepts differ.,"Same name with different storage can break appends, merges, or pooled code."
pdf_name,pc01_pdf_eb_clean.dta; pc11_pdf_eb_clean.dta,naming,storage_type: str25 (pc01_pdf_eb_clean.dta) | str56 (pc11_pdf_eb_clean.dta),Choose one storage convention or rename variables if concepts differ.,"Same name with different storage can break appends, merges, or pooled code."
pop_sc,pc01_pdf_eb_clean.dta; pc11_pdf_eb_clean.dta,naming,storage_type: double (pc01_pdf_eb_clean.dta) | int (pc11_pdf_eb_clean.dta),Choose one storage convention or rename variables if concepts differ.,"Same name with different storage can break appends, merges, or pooled code."
pop_st,pc01_pdf_eb_clean.dta; pc11_pdf_eb_clean.dta,naming,storage_type: double (pc01_pdf_eb_clean.dta) | int (pc11_pdf_eb_clean.dta),Choose one storage convention or rename variables if concepts differ.,"Same name with different storage can break appends, merges, or pooled code."
pop_tot,pc01_pdf_eb_clean.dta; pc11_pdf_eb_clean.dta,naming,storage_type: double (pc01_pdf_eb_clean.dta) | int (pc11_pdf_eb_clean.dta),Choose one storage convention or rename variables if concepts differ.,"Same name with different storage can break appends, merges, or pooled code."
pub,segregation_blockdata_rural_200.dta; segregation_blockdata_rural_4000.dta; segregation_blockdata_urban_200.dta; segregation_blockdata_urban_4000.dta; segregation_citydata_rural_200.dta; segregation_citydata_urban_200.dta; segregation_citydata_urban_4000.dta,naming,storage_type: double (segregation_blockdata_rural_200.dta; segregation_blockdata_rural_4000.dta; segregation_blockdata_urban_200.dta; segregation_blockdata_urban_4000.dta) | int (segregation_citydata_rural_200.dta; segregation_citydata_urban_200.dta; segregation_citydata_urban_4000.dta),Choose one storage convention or rename variables if concepts differ.,"Same name with different storage can break appends, merges, or pooled code."
shrid,pc01_pdf_shrid_key.dta; pc11_muslims_urban.dta; pc11_pdf_shrid_key.dta; seg_correlates.dta; segregation_blockdata_rural_200.dta; segregation_blockdata_rural_4000.dta; segregation_blockdata_urban_200.dta; segregation_blockdata_urban_4000.dta; segregation_citydata_urban_200.dta; segregation_citydata_urban_4000.dta; shrug_names.dta; shrug_pc01u_key.dta; shrug_pc11_pca.dta; shrug_pc11_state_key.dta; shrug_pc11_subdistrict_key.dta; shrug_pc11_td.dta; shrug_pc11_vd.dta; shrug_spatial.dta,naming,storage_type: str12 (pc11_muslims_urban.dta; pc11_pdf_shrid_key.dta; segregation_blockdata_rural_200.dta; segregation_blockdata_rural_4000.dta; segregation_blockdata_urban_200.dta; segregation_blockdata_urban_4000.dta; segregation_citydata_urban_200.dta; segregation_citydata_urban_4000.dta; shrug_pc11_pca.dta; shrug_pc11_pca.dta; shrug_pc11_state_key.dta; shrug_pc11_subdistrict_key.dta; shrug_pc11_td.dta; shrug_pc11_vd.dta; shrug_spatial.dta) | str14 (pc01_pdf_shrid_key.dt...,Choose one storage convention or rename variables if concepts differ.,"Same name with different storage can break appends, merges, or pooled code."
town_name,pc01_pdf_eb_clean.dta; pc11_pdf_eb_clean.dta,naming,storage_type: Q (pc01_pdf_eb_clean.dta) | str75 (pc11_pdf_eb_clean.dta),Choose one storage convention or rename variables if concepts differ.,"Same name with different storage can break appends, merges, or pooled code."
town_name_no_par,pc01_pdf_eb_clean.dta; pc11_pdf_eb_clean.dta,naming,storage_type: str33 (pc01_pdf_eb_clean.dta) | str46 (pc11_pdf_eb_clean.dta),Choose one storage convention or rename variables if concepts differ.,"Same name with different storage can break appends, merges, or pooled code."
ward_name,pc01_hb_eb_pop.dta; pc01_pdf_eb_clean.dta; pc11_pdf_eb_clean.dta,naming,storage_type: Q (pc01_pdf_eb_clean.dta) | str13 (pc01_hb_eb_pop.dta) | str47 (pc11_pdf_eb_clean.dta),Choose one storage convention or rename variables if concepts differ.,"Same name with different storage can break appends, merges, or pooled code."
bad_ed,segregation_blockdata_rural_200.dta; segregation_blockdata_rural_4000.dta; segregation_blockdata_urban_200.dta; segregation_blockdata_urban_4000.dta; segregation_citydata_rural_200.dta; segregation_citydata_urban_200.dta; segregation_citydata_urban_4000.dta,label,variable_label: (nansum) (nansum) bad_ed (segregation_blockdata_urban_200.dta; segregation_blockdata_urban_4000.dta) | Population count with missing education  (segregation_blockdata_rural_200.dta; segregation_blockdata_rural_4000.dta; segregation_citydata_rural_200.dta; segregation_citydata_urban_200.dta; segregation_citydata_urban_4000.dta),Choose one authoritative variable label or rename if labels imply different concepts.,Blank versus nonblank labels are flagged because documentation differs across datasets.
bad_muslim,segregation_blockdata_rural_200.dta; segregation_blockdata_rural_4000.dta; segregation_blockdata_urban_200.dta; segregation_blockdata_urban_4000.dta; segregation_citydata_rural_200.dta; segregation_citydata_urban_200.dta; segregation_citydata_urban_4000.dta,label,variable_label: (nansum) (nansum) bad_muslim (segregation_blockdata_urban_200.dta; segregation_blockdata_urban_4000.dta) | Pop with missing Muslim classification (segregation_blockdata_rural_200.dta; segregation_blockdata_rural_4000.dta; segregation_citydata_rural_200.dta; segregation_citydata_urban_200.dta; segregation_citydata_urban_4000.dta),Choose one authoritative variable label or rename if labels imply different concepts.,Blank versus nonblank labels are flagged because documentation differs across datasets.
bad_sc,segregation_blockdata_rural_200.dta; segregation_blockdata_rural_4000.dta; segregation_blockdata_urban_200.dta; segregation_blockdata_urban_4000.dta; segregation_citydata_rural_200.dta; segregation_citydata_urban_200.dta; segregation_citydata_urban_4000.dta,label,variable_label: (nansum) (nansum) bad_sc (segregation_blockdata_urban_200.dta; segregation_blockdata_urban_4000.dta) | Pop with missing SC/ST classification (segregation_blockdata_rural_200.dta; segregation_blockdata_rural_4000.dta; segregation_citydata_rural_200.dta; segregation_citydata_urban_200.dta; segregation_citydata_urban_4000.dta),Choose one authoritative variable label or rename if labels imply different concepts.,Blank versus nonblank labels are flagged because documentation differs across datasets.
block_pop,segregation_blockdata_rural_200.dta; segregation_blockdata_rural_4000.dta; segregation_blockdata_urban_200.dta; segregation_blockdata_urban_4000.dta,label,variable_label: (nansum) (rawsum) (nansum) hh_pop (segregation_blockdata_urban_200.dta; segregation_blockdata_urban_4000.dta) | Total neighborhood population (only people classified as sc/st) (segregation_blockdata_rural_200.dta; segregation_blockdata_rural_4000.dta),Choose one authoritative variable label or rename if labels imply different concepts.,Blank versus nonblank labels are flagged because documentation differs across datasets.
block_pop_muslim,segregation_blockdata_rural_200.dta; segregation_blockdata_rural_4000.dta; segregation_blockdata_urban_200.dta; segregation_blockdata_urban_4000.dta,label,variable_label: (nansum) (rawsum) hhpop_muslim (segregation_blockdata_urban_200.dta; segregation_blockdata_urban_4000.dta) | Total neighborhood population muslim (segregation_blockdata_rural_200.dta; segregation_blockdata_rural_4000.dta),Choose one authoritative variable label or rename if labels imply different concepts.,Blank versus nonblank labels are flagged because documentation differs across datasets.
block_pop_nonmuslim,segregation_blockdata_rural_200.dta; segregation_blockdata_rural_4000.dta; segregation_blockdata_urban_200.dta; segregation_blockdata_urban_4000.dta,label,variable_label: (nansum) (rawsum) hhpop_nonmuslim (segregation_blockdata_urban_200.dta; segregation_blockdata_urban_4000.dta) | Total neighborhood population nonmuslim (segregation_blockdata_rural_200.dta; segregation_blockdata_rural_4000.dta),Choose one authoritative variable label or rename if labels imply different concepts.,Blank versus nonblank labels are flagged because documentation differs across datasets.
block_pop_nonsc,segregation_blockdata_rural_200.dta; segregation_blockdata_rural_4000.dta; segregation_blockdata_urban_200.dta; segregation_blockdata_urban_4000.dta,label,variable_label: (nansum) (rawsum) hhpop_nonsc (segregation_blockdata_urban_200.dta; segregation_blockdata_urban_4000.dta) | Total neighborhood population nonsc (segregation_blockdata_rural_200.dta; segregation_blockdata_rural_4000.dta),Choose one authoritative variable label or rename if labels imply different concepts.,Blank versus nonblank labels are flagged because documentation differs across datasets.
block_pop_nonscmuslim,segregation_blockdata_rural_200.dta; segregation_blockdata_rural_4000.dta; segregation_blockdata_urban_200.dta; segregation_blockdata_urban_4000.dta,label,variable_label: (nansum) (rawsum) hhpop_nonscmuslim (segregation_blockdata_urban_200.dta; segregation_blockdata_urban_4000.dta) | Total neighborhood population nonscmuslim (segregation_blockdata_rural_200.dta; segregation_blockdata_rural_4000.dta),Choose one authoritative variable label or rename if labels imply different concepts.,Blank versus nonblank labels are flagged because documentation differs across datasets.
block_pop_sc,segregation_blockdata_rural_200.dta; segregation_blockdata_rural_4000.dta; segregation_blockdata_urban_200.dta; segregation_blockdata_urban_4000.dta,label,variable_label: (nansum) (rawsum) hhpop_sc (segregation_blockdata_urban_200.dta; segregation_blockdata_urban_4000.dta) | Total neighborhood population sc (segregation_blockdata_rural_200.dta; segregation_blockdata_rural_4000.dta),Choose one authoritative variable label or rename if labels imply different concepts.,Blank versus nonblank labels are flagged because documentation differs across datasets.
block_pop_with_invalid,segregation_blockdata_rural_200.dta; segregation_blockdata_rural_4000.dta; segregation_blockdata_urban_200.dta; segregation_blockdata_urban_4000.dta,label,variable_label: (nansum) (nansum) pop (segregation_blockdata_urban_200.dta; segregation_blockdata_urban_4000.dta) | Total neighborhood population incl people not classified as SC/ST (segregation_blockdata_rural_200.dta; segregation_blockdata_rural_4000.dta),Choose one authoritative variable label or rename if labels imply different concepts.,Blank versus nonblank labels are flagged because documentation differs across datasets.
block_units,segregation_blockdata_rural_200.dta; segregation_blockdata_rural_4000.dta; segregation_blockdata_urban_200.dta; segregation_blockdata_urban_4000.dta; segregation_citydata_rural_200.dta,label,variable_label: number of block units in this subdistrict unit (segregation_blockdata_rural_200.dta; segregation_blockdata_rural_4000.dta; segregation_citydata_rural_200.dta) | number of block units in this town unit (segregation_blockdata_urban_200.dta; segregation_blockdata_urban_4000.dta),Choose one authoritative variable label or rename if labels imply different concepts.,Blank versus nonblank labels are flagged because documentation differs across datasets.
cbsatitle,msa_keys.dta; msa_tract_race_pop.dta,label,variable_label: CBSA Title (msa_keys.dta) | Label (Grouping) (msa_tract_race_pop.dta),Choose one authoritative variable label or rename if labels imply different concepts.,Blank versus nonblank labels are flagged because documentation differs across datasets.
city_correlation_muslim,segregation_blockdata_rural_200.dta; segregation_blockdata_rural_4000.dta; segregation_blockdata_urban_200.dta; segregation_blockdata_urban_4000.dta; segregation_citydata_rural_200.dta; segregation_citydata_urban_200.dta; segregation_citydata_urban_4000.dta,label,variable_label: Correlation: muslim (subdistrict) (segregation_blockdata_rural_200.dta; segregation_blockdata_rural_4000.dta; segregation_citydata_rural_200.dta) | Correlation: muslim (town) (segregation_blockdata_urban_200.dta; segregation_blockdata_urban_4000.dta; segregation_citydata_urban_200.dta; segregation_citydata_urban_4000.dta),Choose one authoritative variable label or rename if labels imply different concepts.,Blank versus nonblank labels are flagged because documentation differs across datasets.
city_correlation_sc,segregation_blockdata_rural_200.dta; segregation_blockdata_rural_4000.dta; segregation_blockdata_urban_200.dta; segregation_blockdata_urban_4000.dta; segregation_citydata_rural_200.dta; segregation_citydata_urban_200.dta; segregation_citydata_urban_4000.dta,label,variable_label: Correlation: sc (subdistrict) (segregation_blockdata_rural_200.dta; segregation_blockdata_rural_4000.dta; segregation_citydata_rural_200.dta) | Correlation: sc (town) (segregation_blockdata_urban_200.dta; segregation_blockdata_urban_4000.dta; segregation_citydata_urban_200.dta; segregation_citydata_urban_4000.dta),Choose one authoritative variable label or rename if labels imply different concepts.,Blank versus nonblank labels are flagged because documentation differs across datasets.
city_dissim_muslim,seg_correlates.dta; segregation_blockdata_rural_200.dta; segregation_blockdata_rural_4000.dta; segregation_blockdata_urban_200.dta; segregation_blockdata_urban_4000.dta; segregation_citydata_rural_200.dta; segregation_citydata_urban_200.dta; segregation_citydata_urban_4000.dta,label,variable_label: dissimilarity: muslim (subdistrict) (segregation_blockdata_rural_200.dta; segregation_blockdata_rural_4000.dta; segregation_citydata_rural_200.dta) | dissimilarity: muslim (town) (seg_correlates.dta; segregation_blockdata_urban_200.dta; segregation_blockdata_urban_4000.dta; segregation_citydata_urban_200.dta; segregation_citydata_urban_4000.dta),Choose one authoritative variable label or rename if labels imply different concepts.,Blank versus nonblank labels are flagged because documentation differs across datasets.
city_dissim_sc,seg_correlates.dta; segregation_blockdata_rural_200.dta; segregation_blockdata_rural_4000.dta; segregation_blockdata_urban_200.dta; segregation_blockdata_urban_4000.dta; segregation_citydata_rural_200.dta; segregation_citydata_urban_200.dta; segregation_citydata_urban_4000.dta,label,variable_label: dissimilarity: sc (subdistrict) (segregation_blockdata_rural_200.dta; segregation_blockdata_rural_4000.dta; segregation_citydata_rural_200.dta) | dissimilarity: sc (town) (seg_correlates.dta; segregation_blockdata_urban_200.dta; segregation_blockdata_urban_4000.dta; segregation_citydata_urban_200.dta; segregation_citydata_urban_4000.dta),Choose one authoritative variable label or rename if labels imply different concepts.,Blank versus nonblank labels are flagged because documentation differs across datasets.
city_gini_muslim,segregation_blockdata_rural_200.dta; segregation_blockdata_rural_4000.dta; segregation_blockdata_urban_200.dta; segregation_blockdata_urban_4000.dta; segregation_citydata_rural_200.dta; segregation_citydata_urban_200.dta; segregation_citydata_urban_4000.dta,label,variable_label: gini: muslim (subdistrict) (segregation_blockdata_rural_200.dta; segregation_blockdata_rural_4000.dta; segregation_citydata_rural_200.dta) | gini: muslim (town) (segregation_blockdata_urban_200.dta; segregation_blockdata_urban_4000.dta; segregation_citydata_urban_200.dta; segregation_citydata_urban_4000.dta),Choose one authoritative variable label or rename if labels imply different concepts.,Blank versus nonblank labels are flagged because documentation differs across datasets.
city_gini_sc,segregation_blockdata_rural_200.dta; segregation_blockdata_rural_4000.dta; segregation_blockdata_urban_200.dta; segregation_blockdata_urban_4000.dta; segregation_citydata_rural_200.dta; segregation_citydata_urban_200.dta; segregation_citydata_urban_4000.dta,label,variable_label: gini: sc (subdistrict) (segregation_blockdata_rural_200.dta; segregation_blockdata_rural_4000.dta; segregation_citydata_rural_200.dta) | gini: sc (town) (segregation_blockdata_urban_200.dta; segregation_blockdata_urban_4000.dta; segregation_citydata_urban_200.dta; segregation_citydata_urban_4000.dta),Choose one authoritative variable label or rename if labels imply different concepts.,Blank versus nonblank labels are flagged because documentation differs across datasets.
city_interact_maj_muslim,segregation_blockdata_rural_200.dta; segregation_blockdata_rural_4000.dta; segregation_blockdata_urban_200.dta; segregation_blockdata_urban_4000.dta; segregation_citydata_rural_200.dta; segregation_citydata_urban_200.dta; segregation_citydata_urban_4000.dta,label,variable_label: Interaction Index- majority: muslim (subdistrict) (segregation_blockdata_rural_200.dta; segregation_blockdata_rural_4000.dta; segregation_citydata_rural_200.dta) | Interaction Index- majority: muslim (town) (segregation_blockdata_urban_200.dta; segregation_blockdata_urban_4000.dta; segregation_citydata_urban_200.dta; segregation_citydata_urban_4000.dta),Choose one authoritative variable label or rename if labels imply different concepts.,Blank versus nonblank labels are flagged because documentation differs across datasets.
city_interact_maj_sc,segregation_blockdata_rural_200.dta; segregation_blockdata_rural_4000.dta; segregation_blockdata_urban_200.dta; segregation_blockdata_urban_4000.dta; segregation_citydata_rural_200.dta; segregation_citydata_urban_200.dta; segregation_citydata_urban_4000.dta,label,variable_label: Interaction Index- majority: sc (subdistrict) (segregation_blockdata_rural_200.dta; segregation_blockdata_rural_4000.dta; segregation_citydata_rural_200.dta) | Interaction Index- majority: sc (town) (segregation_blockdata_urban_200.dta; segregation_blockdata_urban_4000.dta; segregation_citydata_urban_200.dta; segregation_citydata_urban_4000.dta),Choose one authoritative variable label or rename if labels imply different concepts.,Blank versus nonblank labels are flagged because documentation differs across datasets.
city_interact_min_muslim,segregation_blockdata_rural_200.dta; segregation_blockdata_rural_4000.dta; segregation_blockdata_urban_200.dta; segregation_blockdata_urban_4000.dta; segregation_citydata_rural_200.dta; segregation_citydata_urban_200.dta; segregation_citydata_urban_4000.dta,label,variable_label: Interaction Index- minority: muslim (subdistrict) (segregation_blockdata_rural_200.dta; segregation_blockdata_rural_4000.dta; segregation_citydata_rural_200.dta) | Interaction Index- minority: muslim (town) (segregation_blockdata_urban_200.dta; segregation_blockdata_urban_4000.dta; segregation_citydata_urban_200.dta; segregation_citydata_urban_4000.dta),Choose one authoritative variable label or rename if labels imply different concepts.,Blank versus nonblank labels are flagged because documentation differs across datasets.
city_interact_min_sc,segregation_blockdata_rural_200.dta; segregation_blockdata_rural_4000.dta; segregation_blockdata_urban_200.dta; segregation_blockdata_urban_4000.dta; segregation_citydata_rural_200.dta; segregation_citydata_urban_200.dta; segregation_citydata_urban_4000.dta,label,variable_label: Interaction Index- minority: sc (subdistrict) (segregation_blockdata_rural_200.dta; segregation_blockdata_rural_4000.dta; segregation_citydata_rural_200.dta) | Interaction Index- minority: sc (town) (segregation_blockdata_urban_200.dta; segregation_blockdata_urban_4000.dta; segregation_citydata_urban_200.dta; segregation_citydata_urban_4000.dta),Choose one authoritative variable label or rename if labels imply different concepts.,Blank versus nonblank labels are flagged because documentation differs across datasets.
city_iso_muslim,seg_correlates.dta; segregation_blockdata_rural_200.dta; segregation_blockdata_rural_4000.dta; segregation_blockdata_urban_200.dta; segregation_blockdata_urban_4000.dta; segregation_citydata_rural_200.dta; segregation_citydata_urban_200.dta; segregation_citydata_urban_4000.dta,label,variable_label: Isolation: muslim (subdistrict) (segregation_blockdata_rural_200.dta; segregation_blockdata_rural_4000.dta; segregation_citydata_rural_200.dta) | Isolation: muslim (town) (seg_correlates.dta; segregation_blockdata_urban_200.dta; segregation_blockdata_urban_4000.dta; segregation_citydata_urban_200.dta; segregation_citydata_urban_4000.dta),Choose one authoritative variable label or rename if labels imply different concepts.,Blank versus nonblank labels are flagged because documentation differs across datasets.
city_iso_muslim_rescaled,seg_correlates.dta; segregation_blockdata_rural_200.dta; segregation_blockdata_rural_4000.dta; segregation_blockdata_urban_200.dta; segregation_blockdata_urban_4000.dta; segregation_citydata_rural_200.dta; segregation_citydata_urban_200.dta; segregation_citydata_urban_4000.dta,label,variable_label: Rescaled Isolation (0-1): muslim (subdistrict) (segregation_blockdata_rural_200.dta; segregation_blockdata_rural_4000.dta; segregation_citydata_rural_200.dta) | Rescaled Isolation (0-1): muslim (town) (seg_correlates.dta; segregation_blockdata_urban_200.dta; segregation_blockdata_urban_4000.dta; segregation_citydata_urban_200.dta; segregation_citydata_urban_4000.dta),Choose one authoritative variable label or rename if labels imply different concepts.,Blank versus nonblank labels are flagged because documentation differs across datasets.
city_iso_sc,seg_correlates.dta; segregation_blockdata_rural_200.dta; segregation_blockdata_rural_4000.dta; segregation_blockdata_urban_200.dta; segregation_blockdata_urban_4000.dta; segregation_citydata_rural_200.dta; segregation_citydata_urban_200.dta; segregation_citydata_urban_4000.dta,label,variable_label: Isolation: sc (subdistrict) (segregation_blockdata_rural_200.dta; segregation_blockdata_rural_4000.dta; segregation_citydata_rural_200.dta) | Isolation: sc (town) (seg_correlates.dta; segregation_blockdata_urban_200.dta; segregation_blockdata_urban_4000.dta; segregation_citydata_urban_200.dta; segregation_citydata_urban_4000.dta),Choose one authoritative variable label or rename if labels imply different concepts.,Blank versus nonblank labels are flagged because documentation differs across datasets.
city_iso_sc_rescaled,seg_correlates.dta; segregation_blockdata_rural_200.dta; segregation_blockdata_rural_4000.dta; segregation_blockdata_urban_200.dta; segregation_blockdata_urban_4000.dta; segregation_citydata_rural_200.dta; segregation_citydata_urban_200.dta; segregation_citydata_urban_4000.dta,label,variable_label: Rescaled Isolation (0-1): sc (subdistrict) (segregation_blockdata_rural_200.dta; segregation_blockdata_rural_4000.dta; segregation_citydata_rural_200.dta) | Rescaled Isolation (0-1): sc (town) (seg_correlates.dta; segregation_blockdata_urban_200.dta; segregation_blockdata_urban_4000.dta; segregation_citydata_urban_200.dta; segregation_citydata_urban_4000.dta),Choose one authoritative variable label or rename if labels imply different concepts.,Blank versus nonblank labels are flagged because documentation differs across datasets.
city_pop,seg_correlates.dta; segregation_citydata_rural_200.dta; segregation_citydata_urban_200.dta; segregation_citydata_urban_4000.dta,label,variable_label: (rawsum) population at the town level (seg_correlates.dta) | total city population (doesn't include those with missing sc/st classification) (segregation_citydata_rural_200.dta; segregation_citydata_urban_200.dta; segregation_citydata_urban_4000.dta),Choose one authoritative variable label or rename if labels imply different concepts.,Blank versus nonblank labels are flagged because documentation differs across datasets.
city_pop_pc11,seg_correlates.dta; segregation_citydata_rural_200.dta; segregation_citydata_urban_200.dta; segregation_citydata_urban_4000.dta,label,variable_label: Total Population (subdistrict) PC11 (segregation_citydata_rural_200.dta) | Total Population (town) PC11 (seg_correlates.dta; segregation_citydata_urban_200.dta; segregation_citydata_urban_4000.dta),Choose one authoritative variable label or rename if labels imply different concepts.,Blank versus nonblank labels are flagged because documentation differs across datasets.
closed_drain,segregation_blockdata_urban_200.dta; segregation_blockdata_urban_4000.dta; segregation_citydata_urban_200.dta; segregation_citydata_urban_4000.dta,label,variable_label: (first) (mean) closed_drain (segregation_blockdata_urban_200.dta; segregation_blockdata_urban_4000.dta) | (mean) (mean) closed_drain (segregation_citydata_urban_200.dta; segregation_citydata_urban_4000.dta),Choose one authoritative variable label or rename if labels imply different concepts.,Blank versus nonblank labels are flagged because documentation differs across datasets.
closed_drain_muslim,segregation_blockdata_urban_200.dta; segregation_blockdata_urban_4000.dta; segregation_citydata_urban_200.dta; segregation_citydata_urban_4000.dta,label,variable_label: (first) (mean) closed_drain_muslim (segregation_blockdata_urban_200.dta; segregation_blockdata_urban_4000.dta) | (mean) (mean) closed_drain_muslim (segregation_citydata_urban_200.dta; segregation_citydata_urban_4000.dta),Choose one authoritative variable label or rename if labels imply different concepts.,Blank versus nonblank labels are flagged because documentation differs across datasets.
closed_drain_nonmuslim,segregation_blockdata_urban_200.dta; segregation_blockdata_urban_4000.dta; segregation_citydata_urban_200.dta; segregation_citydata_urban_4000.dta,label,variable_label: (first) (mean) closed_drain_nonmuslim (segregation_blockdata_urban_200.dta; segregation_blockdata_urban_4000.dta) | (mean) (mean) closed_drain_nonmuslim (segregation_citydata_urban_200.dta; segregation_citydata_urban_4000.dta),Choose one authoritative variable label or rename if labels imply different concepts.,Blank versus nonblank labels are flagged because documentation differs across datasets.
closed_drain_nonsc,segregation_blockdata_urban_200.dta; segregation_blockdata_urban_4000.dta; segregation_citydata_urban_200.dta; segregation_citydata_urban_4000.dta,label,variable_label: (first) (mean) closed_drain_nonsc (segregation_blockdata_urban_200.dta; segregation_blockdata_urban_4000.dta) | (mean) (mean) closed_drain_nonsc (segregation_citydata_urban_200.dta; segregation_citydata_urban_4000.dta),Choose one authoritative variable label or rename if labels imply different concepts.,Blank versus nonblank labels are flagged because documentation differs across datasets.
closed_drain_nonscmuslim,segregation_blockdata_urban_200.dta; segregation_blockdata_urban_4000.dta; segregation_citydata_urban_200.dta; segregation_citydata_urban_4000.dta,label,variable_label: (first) (mean) closed_drain_nonscmuslim (segregation_blockdata_urban_200.dta; segregation_blockdata_urban_4000.dta) | (mean) (mean) closed_drain_nonscmuslim (segregation_citydata_urban_200.dta; segregation_citydata_urban_4000.dta),Choose one authoritative variable label or rename if labels imply different concepts.,Blank versus nonblank labels are flagged because documentation differs across datasets.
closed_drain_sc,segregation_blockdata_urban_200.dta; segregation_blockdata_urban_4000.dta; segregation_citydata_urban_200.dta; segregation_citydata_urban_4000.dta,label,variable_label: (first) (mean) closed_drain_sc (segregation_blockdata_urban_200.dta; segregation_blockdata_urban_4000.dta) | (mean) (mean) closed_drain_sc (segregation_citydata_urban_200.dta; segregation_citydata_urban_4000.dta),Choose one authoritative variable label or rename if labels imply different concepts.,Blank versus nonblank labels are flagged because documentation differs across datasets.
dum_hospital,segregation_blockdata_rural_200.dta; segregation_blockdata_rural_4000.dta; segregation_blockdata_urban_200.dta; segregation_blockdata_urban_4000.dta; segregation_citydata_rural_200.dta; segregation_citydata_urban_200.dta; segregation_citydata_urban_4000.dta,label,variable_label: <blank> (segregation_blockdata_urban_200.dta; segregation_blockdata_urban_4000.dta) | Dummy for hospitals in neighborhood (segregation_blockdata_rural_200.dta; segregation_blockdata_rural_4000.dta) | Dummy for hospitals in subdistrict (segregation_citydata_rural_200.dta) | Dummy for hospitals in town (segregation_citydata_urban_200.dta; segregation_citydata_urban_4000.dta),Choose one authoritative variable label or rename if labels imply different concepts.,Blank versus nonblank labels are flagged because documentation differs across datasets.
dum_hospital_emp_priv,segregation_blockdata_rural_200.dta; segregation_blockdata_rural_4000.dta; segregation_blockdata_urban_200.dta; segregation_blockdata_urban_4000.dta; segregation_citydata_rural_200.dta; segregation_citydata_urban_200.dta; segregation_citydata_urban_4000.dta,label,variable_label: <blank> (segregation_blockdata_urban_200.dta; segregation_blockdata_urban_4000.dta) | Dummy for private hospital employment in neighborhood (segregation_blockdata_rural_200.dta; segregation_blockdata_rural_4000.dta) | Dummy for private hospital employment in subdistrict (segregation_citydata_rural_200.dta) | Dummy for private hospital employment in town (segregation_citydata_urban_200.dta; segregation_citydata_urban_4000.dta),Choose one authoritative variable label or rename if labels imply different concepts.,Blank versus nonblank labels are flagged because documentation differs across datasets.
dum_hospital_emp_pub,segregation_blockdata_rural_200.dta; segregation_blockdata_rural_4000.dta; segregation_blockdata_urban_200.dta; segregation_blockdata_urban_4000.dta; segregation_citydata_rural_200.dta; segregation_citydata_urban_200.dta; segregation_citydata_urban_4000.dta,label,variable_label: <blank> (segregation_blockdata_urban_200.dta; segregation_blockdata_urban_4000.dta) | Dummy for public hospital employment in neighborhood (segregation_blockdata_rural_200.dta; segregation_blockdata_rural_4000.dta) | Dummy for public hospital employment in subdistrict (segregation_citydata_rural_200.dta) | Dummy for public hospital employment in town (segregation_citydata_urban_200.dta; segregation_citydata_urban_4000.dta),Choose one authoritative variable label or rename if labels imply different concepts.,Blank versus nonblank labels are flagged because documentation differs across datasets.
dum_hospital_priv,segregation_blockdata_rural_200.dta; segregation_blockdata_rural_4000.dta; segregation_blockdata_urban_200.dta; segregation_blockdata_urban_4000.dta; segregation_citydata_rural_200.dta; segregation_citydata_urban_200.dta; segregation_citydata_urban_4000.dta,label,variable_label: <blank> (segregation_blockdata_urban_200.dta; segregation_blockdata_urban_4000.dta) | Dummy for private hospitals in neighborhood (segregation_blockdata_rural_200.dta; segregation_blockdata_rural_4000.dta) | Dummy for private hospitals in subdistrict (segregation_citydata_rural_200.dta) | Dummy for private hospitals in town (segregation_citydata_urban_200.dta; segregation_citydata_urban_4000.dta),Choose one authoritative variable label or rename if labels imply different concepts.,Blank versus nonblank labels are flagged because documentation differs across datasets.
dum_hospital_pub,segregation_blockdata_rural_200.dta; segregation_blockdata_rural_4000.dta; segregation_blockdata_urban_200.dta; segregation_blockdata_urban_4000.dta; segregation_citydata_rural_200.dta; segregation_citydata_urban_200.dta; segregation_citydata_urban_4000.dta,label,variable_label: <blank> (segregation_blockdata_urban_200.dta; segregation_blockdata_urban_4000.dta) | Dummy for public hospitals in neighborhood (segregation_blockdata_rural_200.dta; segregation_blockdata_rural_4000.dta) | Dummy for public hospitals in subdistrict (segregation_citydata_rural_200.dta) | Dummy for public hospitals in town (segregation_citydata_urban_200.dta; segregation_citydata_urban_4000.dta),Choose one authoritative variable label or rename if labels imply different concepts.,Blank versus nonblank labels are flagged because documentation differs across datasets.
dum_primary,segregation_blockdata_rural_200.dta; segregation_blockdata_rural_4000.dta; segregation_blockdata_urban_200.dta; segregation_blockdata_urban_4000.dta; segregation_citydata_rural_200.dta; segregation_citydata_urban_200.dta; segregation_citydata_urban_4000.dta,label,variable_label: <blank> (segregation_blockdata_urban_200.dta; segregation_blockdata_urban_4000.dta) | Dummy for primary school (subdistrict) (segregation_citydata_rural_200.dta) | Dummy for primary school (town) (segregation_citydata_urban_200.dta; segregation_citydata_urban_4000.dta) | Dummy for primary school in neighborhood (segregation_blockdata_rural_200.dta; segregation_blockdata_rural_4000.dta),Choose one authoritative variable label or rename if labels imply different concepts.,Blank versus nonblank labels are flagged because documentation differs across datasets.
dum_primary_emp_priv,segregation_blockdata_rural_200.dta; segregation_blockdata_rural_4000.dta; segregation_blockdata_urban_200.dta; segregation_blockdata_urban_4000.dta; segregation_citydata_rural_200.dta; segregation_citydata_urban_200.dta; segregation_citydata_urban_4000.dta,label,variable_label: <blank> (segregation_blockdata_urban_200.dta; segregation_blockdata_urban_4000.dta) | Dummy for private primary school employment (subdistrict) (segregation_citydata_rural_200.dta) | Dummy for private primary school employment (town) (segregation_citydata_urban_200.dta; segregation_citydata_urban_4000.dta) | Dummy for private primary school employment in neighborhood (segregation_blockdata_rural_200.dta; segregation_blockdata_rural_4000.dta),Choose one authoritative variable label or rename if labels imply different concepts.,Blank versus nonblank labels are flagged because documentation differs across datasets.
dum_primary_emp_pub,segregation_blockdata_rural_200.dta; segregation_blockdata_rural_4000.dta; segregation_blockdata_urban_200.dta; segregation_blockdata_urban_4000.dta; segregation_citydata_rural_200.dta; segregation_citydata_urban_200.dta; segregation_citydata_urban_4000.dta,label,variable_label: <blank> (segregation_blockdata_urban_200.dta; segregation_blockdata_urban_4000.dta) | Dummy for public primary school employment (subdistrict) (segregation_citydata_rural_200.dta) | Dummy for public primary school employment (town) (segregation_citydata_urban_200.dta; segregation_citydata_urban_4000.dta) | Dummy for public primary school employment in neighborhood (segregation_blockdata_rural_200.dta; segregation_blockdata_rural_4000.dta),Choose one authoritative variable label or rename if labels imply different concepts.,Blank versus nonblank labels are flagged because documentation differs across datasets.
dum_primary_priv,segregation_blockdata_rural_200.dta; segregation_blockdata_rural_4000.dta; segregation_blockdata_urban_200.dta; segregation_blockdata_urban_4000.dta; segregation_citydata_rural_200.dta; segregation_citydata_urban_200.dta; segregation_citydata_urban_4000.dta,label,variable_label: <blank> (segregation_blockdata_urban_200.dta; segregation_blockdata_urban_4000.dta) | Dummy for private primary school (subdistrict) (segregation_citydata_rural_200.dta) | Dummy for private primary school (town) (segregation_citydata_urban_200.dta; segregation_citydata_urban_4000.dta) | Dummy for private primary school in neighborhood (segregation_blockdata_rural_200.dta; segregation_blockdata_rural_4000.dta),Choose one authoritative variable label or rename if labels imply different concepts.,Blank versus nonblank labels are flagged because documentation differs across datasets.
dum_primary_pub,segregation_blockdata_rural_200.dta; segregation_blockdata_rural_4000.dta; segregation_blockdata_urban_200.dta; segregation_blockdata_urban_4000.dta; segregation_citydata_rural_200.dta; segregation_citydata_urban_200.dta; segregation_citydata_urban_4000.dta,label,variable_label: <blank> (segregation_blockdata_urban_200.dta; segregation_blockdata_urban_4000.dta) | Dummy for public primary school (subdistrict) (segregation_citydata_rural_200.dta) | Dummy for public primary school (town) (segregation_citydata_urban_200.dta; segregation_citydata_urban_4000.dta) | Dummy for public primary school in neighborhood (segregation_blockdata_rural_200.dta; segregation_blockdata_rural_4000.dta),Choose one authoritative variable label or rename if labels imply different concepts.,Blank versus nonblank labels are flagged because documentation differs across datasets.
dum_secondary,segregation_blockdata_rural_200.dta; segregation_blockdata_rural_4000.dta; segregation_blockdata_urban_200.dta; segregation_blockdata_urban_4000.dta; segregation_citydata_rural_200.dta; segregation_citydata_urban_200.dta; segregation_citydata_urban_4000.dta,label,variable_label: <blank> (segregation_blockdata_urban_200.dta; segregation_blockdata_urban_4000.dta) | Dummy for secondary school in neighborhood (segregation_blockdata_rural_200.dta; segregation_blockdata_rural_4000.dta) | Dummy for secondary school in subdistrict (segregation_citydata_rural_200.dta) | Dummy for secondary school in town (segregation_citydata_urban_200.dta; segregation_citydata_urban_4000.dta),Choose one authoritative variable label or rename if labels imply different concepts.,Blank versus nonblank labels are flagged because documentation differs across datasets.
dum_secondary_emp_priv,segregation_blockdata_rural_200.dta; segregation_blockdata_rural_4000.dta; segregation_blockdata_urban_200.dta; segregation_blockdata_urban_4000.dta; segregation_citydata_rural_200.dta; segregation_citydata_urban_200.dta; segregation_citydata_urban_4000.dta,label,variable_label: <blank> (segregation_blockdata_urban_200.dta; segregation_blockdata_urban_4000.dta) | Dummy for private secondary school employment in neighborhood (segregation_blockdata_rural_200.dta; segregation_blockdata_rural_4000.dta) | Dummy for private secondary school employment in subdistrict (segregation_citydata_rural_200.dta) | Dummy for private secondary school employment in town (segregation_citydata_urban_200.dta; segregation_citydata_urban_4000.dta),Choose one authoritative variable label or rename if labels imply different concepts.,Blank versus nonblank labels are flagged because documentation differs across datasets.
dum_secondary_emp_pub,segregation_blockdata_rural_200.dta; segregation_blockdata_rural_4000.dta; segregation_blockdata_urban_200.dta; segregation_blockdata_urban_4000.dta; segregation_citydata_rural_200.dta; segregation_citydata_urban_200.dta; segregation_citydata_urban_4000.dta,label,variable_label: <blank> (segregation_blockdata_urban_200.dta; segregation_blockdata_urban_4000.dta) | Dummy for public secondary school employment iin neighborhood (segregation_blockdata_rural_200.dta; segregation_blockdata_rural_4000.dta) | Dummy for public secondary school employment in subdistrict (segregation_citydata_rural_200.dta) | Dummy for public secondary school employment in town (segregation_citydata_urban_200.dta; segregation_citydata_urban_4000.dta),Choose one authoritative variable label or rename if labels imply different concepts.,Blank versus nonblank labels are flagged because documentation differs across datasets.
dum_secondary_priv,segregation_blockdata_rural_200.dta; segregation_blockdata_rural_4000.dta; segregation_blockdata_urban_200.dta; segregation_blockdata_urban_4000.dta; segregation_citydata_rural_200.dta; segregation_citydata_urban_200.dta; segregation_citydata_urban_4000.dta,label,variable_label: <blank> (segregation_blockdata_urban_200.dta; segregation_blockdata_urban_4000.dta) | Dummy for private secondary school in neighborhood (segregation_blockdata_rural_200.dta; segregation_blockdata_rural_4000.dta) | Dummy for private secondary school in subdistrict (segregation_citydata_rural_200.dta) | Dummy for private secondary school in town (segregation_citydata_urban_200.dta; segregation_citydata_urban_4000.dta),Choose one authoritative variable label or rename if labels imply different concepts.,Blank versus nonblank labels are flagged because documentation differs across datasets.
dum_secondary_pub,segregation_blockdata_rural_200.dta; segregation_blockdata_rural_4000.dta; segregation_blockdata_urban_200.dta; segregation_blockdata_urban_4000.dta; segregation_citydata_rural_200.dta; segregation_citydata_urban_200.dta; segregation_citydata_urban_4000.dta,label,variable_label: <blank> (segregation_blockdata_urban_200.dta; segregation_blockdata_urban_4000.dta) | Dummy for public secondary school in neighborhood (segregation_blockdata_rural_200.dta; segregation_blockdata_rural_4000.dta) | Dummy for public secondary school in subdistrict (segregation_citydata_rural_200.dta) | Dummy for public secondary school in town (segregation_citydata_urban_200.dta; segregation_citydata_urban_4000.dta),Choose one authoritative variable label or rename if labels imply different concepts.,Blank versus nonblank labels are flagged because documentation differs across datasets.
hh,segregation_blockdata_rural_200.dta; segregation_blockdata_rural_4000.dta; segregation_blockdata_urban_200.dta; segregation_blockdata_urban_4000.dta; segregation_citydata_rural_200.dta; segregation_citydata_urban_200.dta; segregation_citydata_urban_4000.dta,label,variable_label: (nansum) (rawsum) hh (segregation_blockdata_urban_200.dta; segregation_blockdata_urban_4000.dta) | number of households (segregation_blockdata_rural_200.dta; segregation_blockdata_rural_4000.dta; segregation_citydata_rural_200.dta; segregation_citydata_urban_200.dta; segregation_citydata_urban_4000.dta),Choose one authoritative variable label or rename if labels imply different concepts.,Blank versus nonblank labels are flagged because documentation differs across datasets.
latrine_home,segregation_blockdata_urban_200.dta; segregation_blockdata_urban_4000.dta; segregation_citydata_urban_200.dta; segregation_citydata_urban_4000.dta,label,variable_label: (first) (mean) latrine_home (segregation_blockdata_urban_200.dta; segregation_blockdata_urban_4000.dta) | (mean) (mean) latrine_home (segregation_citydata_urban_200.dta; segregation_citydata_urban_4000.dta),Choose one authoritative variable label or rename if labels imply different concepts.,Blank versus nonblank labels are flagged because documentation differs across datasets.
latrine_home_muslim,segregation_blockdata_urban_200.dta; segregation_blockdata_urban_4000.dta; segregation_citydata_urban_200.dta; segregation_citydata_urban_4000.dta,label,variable_label: (first) (mean) latrine_home_muslim (segregation_blockdata_urban_200.dta; segregation_blockdata_urban_4000.dta) | (mean) (mean) latrine_home_muslim (segregation_citydata_urban_200.dta; segregation_citydata_urban_4000.dta),Choose one authoritative variable label or rename if labels imply different concepts.,Blank versus nonblank labels are flagged because documentation differs across datasets.
latrine_home_nonmuslim,segregation_blockdata_urban_200.dta; segregation_blockdata_urban_4000.dta; segregation_citydata_urban_200.dta; segregation_citydata_urban_4000.dta,label,variable_label: (first) (mean) latrine_home_nonmuslim (segregation_blockdata_urban_200.dta; segregation_blockdata_urban_4000.dta) | (mean) (mean) latrine_home_nonmuslim (segregation_citydata_urban_200.dta; segregation_citydata_urban_4000.dta),Choose one authoritative variable label or rename if labels imply different concepts.,Blank versus nonblank labels are flagged because documentation differs across datasets.
latrine_home_nonsc,segregation_blockdata_urban_200.dta; segregation_blockdata_urban_4000.dta; segregation_citydata_urban_200.dta; segregation_citydata_urban_4000.dta,label,variable_label: (first) (mean) latrine_home_nonsc (segregation_blockdata_urban_200.dta; segregation_blockdata_urban_4000.dta) | (mean) (mean) latrine_home_nonsc (segregation_citydata_urban_200.dta; segregation_citydata_urban_4000.dta),Choose one authoritative variable label or rename if labels imply different concepts.,Blank versus nonblank labels are flagged because documentation differs across datasets.
latrine_home_nonscmuslim,segregation_blockdata_urban_200.dta; segregation_blockdata_urban_4000.dta; segregation_citydata_urban_200.dta; segregation_citydata_urban_4000.dta,label,variable_label: (first) (mean) latrine_home_nonscmuslim (segregation_blockdata_urban_200.dta; segregation_blockdata_urban_4000.dta) | (mean) (mean) latrine_home_nonscmuslim (segregation_citydata_urban_200.dta; segregation_citydata_urban_4000.dta),Choose one authoritative variable label or rename if labels imply different concepts.,Blank versus nonblank labels are flagged because documentation differs across datasets.
latrine_home_sc,segregation_blockdata_urban_200.dta; segregation_blockdata_urban_4000.dta; segregation_citydata_urban_200.dta; segregation_citydata_urban_4000.dta,label,variable_label: (first) (mean) latrine_home_sc (segregation_blockdata_urban_200.dta; segregation_blockdata_urban_4000.dta) | (mean) (mean) latrine_home_sc (segregation_citydata_urban_200.dta; segregation_citydata_urban_4000.dta),Choose one authoritative variable label or rename if labels imply different concepts.,Blank versus nonblank labels are flagged because documentation differs across datasets.
light_source_elec,segregation_blockdata_urban_200.dta; segregation_blockdata_urban_4000.dta; segregation_citydata_urban_200.dta; segregation_citydata_urban_4000.dta,label,variable_label: (first) (mean) light_source_elec (segregation_blockdata_urban_200.dta; segregation_blockdata_urban_4000.dta) | (mean) (mean) light_source_elec (segregation_citydata_urban_200.dta; segregation_citydata_urban_4000.dta),Choose one authoritative variable label or rename if labels imply different concepts.,Blank versus nonblank labels are flagged because documentation differs across datasets.
light_source_elec_muslim,segregation_blockdata_urban_200.dta; segregation_blockdata_urban_4000.dta; segregation_citydata_urban_200.dta; segregation_citydata_urban_4000.dta,label,variable_label: (first) (mean) light_source_elec_muslim (segregation_blockdata_urban_200.dta; segregation_blockdata_urban_4000.dta) | (mean) (mean) light_source_elec_muslim (segregation_citydata_urban_200.dta; segregation_citydata_urban_4000.dta),Choose one authoritative variable label or rename if labels imply different concepts.,Blank versus nonblank labels are flagged because documentation differs across datasets.
light_source_elec_nonmuslim,segregation_blockdata_urban_200.dta; segregation_blockdata_urban_4000.dta; segregation_citydata_urban_200.dta; segregation_citydata_urban_4000.dta,label,variable_label: (first) (mean) light_source_elec_nonmuslim (segregation_blockdata_urban_200.dta; segregation_blockdata_urban_4000.dta) | (mean) (mean) light_source_elec_nonmuslim (segregation_citydata_urban_200.dta; segregation_citydata_urban_4000.dta),Choose one authoritative variable label or rename if labels imply different concepts.,Blank versus nonblank labels are flagged because documentation differs across datasets.
light_source_elec_nonsc,segregation_blockdata_urban_200.dta; segregation_blockdata_urban_4000.dta; segregation_citydata_urban_200.dta; segregation_citydata_urban_4000.dta,label,variable_label: (first) (mean) light_source_elec_nonsc (segregation_blockdata_urban_200.dta; segregation_blockdata_urban_4000.dta) | (mean) (mean) light_source_elec_nonsc (segregation_citydata_urban_200.dta; segregation_citydata_urban_4000.dta),Choose one authoritative variable label or rename if labels imply different concepts.,Blank versus nonblank labels are flagged because documentation differs across datasets.
light_source_elec_nonscmuslim,segregation_blockdata_urban_200.dta; segregation_blockdata_urban_4000.dta; segregation_citydata_urban_200.dta; segregation_citydata_urban_4000.dta,label,variable_label: (first) (mean) light_source_elec_nonscmuslim (segregation_blockdata_urban_200.dta; segregation_blockdata_urban_4000.dta) | (mean) (mean) light_source_elec_nonscmuslim (segregation_citydata_urban_200.dta; segregation_citydata_urban_4000.dta),Choose one authoritative variable label or rename if labels imply different concepts.,Blank versus nonblank labels are flagged because documentation differs across datasets.
light_source_elec_sc,segregation_blockdata_urban_200.dta; segregation_blockdata_urban_4000.dta; segregation_citydata_urban_200.dta; segregation_citydata_urban_4000.dta,label,variable_label: (first) (mean) light_source_elec_sc (segregation_blockdata_urban_200.dta; segregation_blockdata_urban_4000.dta) | (mean) (mean) light_source_elec_sc (segregation_citydata_urban_200.dta; segregation_citydata_urban_4000.dta),Choose one authoritative variable label or rename if labels imply different concepts.,Blank versus nonblank labels are flagged because documentation differs across datasets.
log_block_pop,segregation_blockdata_rural_200.dta; segregation_blockdata_rural_4000.dta; segregation_blockdata_urban_200.dta; segregation_blockdata_urban_4000.dta,label,variable_label: <blank> (segregation_blockdata_urban_200.dta; segregation_blockdata_urban_4000.dta) | log(neighborhood population) (segregation_blockdata_rural_200.dta; segregation_blockdata_rural_4000.dta),Choose one authoritative variable label or rename if labels imply different concepts.,Blank versus nonblank labels are flagged because documentation differs across datasets.
log_cons_pcap,segregation_blockdata_rural_200.dta; segregation_blockdata_rural_4000.dta; segregation_blockdata_urban_200.dta; segregation_blockdata_urban_4000.dta; segregation_citydata_rural_200.dta; segregation_citydata_urban_200.dta; segregation_citydata_urban_4000.dta,label,variable_label: Log (cons per capita) (segregation_citydata_rural_200.dta; segregation_citydata_urban_200.dta; segregation_citydata_urban_4000.dta) | log cons per cap (segregation_blockdata_urban_200.dta; segregation_blockdata_urban_4000.dta) | log(consumption per capita) (segregation_blockdata_rural_200.dta; segregation_blockdata_rural_4000.dta),Choose one authoritative variable label or rename if labels imply different concepts.,Blank versus nonblank labels are flagged because documentation differs across datasets.
log_cons_pcap_muslim,segregation_blockdata_rural_200.dta; segregation_blockdata_rural_4000.dta; segregation_blockdata_urban_200.dta; segregation_blockdata_urban_4000.dta; segregation_citydata_rural_200.dta; segregation_citydata_urban_200.dta; segregation_citydata_urban_4000.dta,label,variable_label: <blank> (segregation_blockdata_urban_200.dta; segregation_blockdata_urban_4000.dta) | Log (cons per capita muslim) (segregation_citydata_rural_200.dta; segregation_citydata_urban_200.dta; segregation_citydata_urban_4000.dta) | log(Muslim consumption per capita) (segregation_blockdata_rural_200.dta; segregation_blockdata_rural_4000.dta),Choose one authoritative variable label or rename if labels imply different concepts.,Blank versus nonblank labels are flagged because documentation differs across datasets.
log_cons_pcap_nonscmuslim,segregation_blockdata_rural_200.dta; segregation_blockdata_rural_4000.dta; segregation_blockdata_urban_200.dta; segregation_blockdata_urban_4000.dta; segregation_citydata_rural_200.dta; segregation_citydata_urban_200.dta; segregation_citydata_urban_4000.dta,label,variable_label: <blank> (segregation_blockdata_urban_200.dta; segregation_blockdata_urban_4000.dta) | Log (cons per capita other) (segregation_citydata_rural_200.dta; segregation_citydata_urban_200.dta; segregation_citydata_urban_4000.dta) | log(Other consumption per capita) (segregation_blockdata_rural_200.dta; segregation_blockdata_rural_4000.dta),Choose one authoritative variable label or rename if labels imply different concepts.,Blank versus nonblank labels are flagged because documentation differs across datasets.
log_cons_pcap_sc,segregation_blockdata_rural_200.dta; segregation_blockdata_rural_4000.dta; segregation_blockdata_urban_200.dta; segregation_blockdata_urban_4000.dta; segregation_citydata_rural_200.dta; segregation_citydata_urban_200.dta; segregation_citydata_urban_4000.dta,label,variable_label: <blank> (segregation_blockdata_urban_200.dta; segregation_blockdata_urban_4000.dta) | Log (cons per capita sc) (segregation_citydata_rural_200.dta; segregation_citydata_urban_200.dta; segregation_citydata_urban_4000.dta) | log(SC consumption per capita) (segregation_blockdata_rural_200.dta; segregation_blockdata_rural_4000.dta),Choose one authoritative variable label or rename if labels imply different concepts.,Blank versus nonblank labels are flagged because documentation differs across datasets.
log_hospital,segregation_blockdata_rural_200.dta; segregation_blockdata_rural_4000.dta; segregation_blockdata_urban_200.dta; segregation_blockdata_urban_4000.dta; segregation_citydata_rural_200.dta; segregation_citydata_urban_200.dta; segregation_citydata_urban_4000.dta,label,variable_label: <blank> (segregation_blockdata_urban_200.dta; segregation_blockdata_urban_4000.dta) | Log (all hospitals in neighborhood) (segregation_blockdata_rural_200.dta; segregation_blockdata_rural_4000.dta) | Log (hospitals) (segregation_citydata_rural_200.dta; segregation_citydata_urban_200.dta; segregation_citydata_urban_4000.dta),Choose one authoritative variable label or rename if labels imply different concepts.,Blank versus nonblank labels are flagged because documentation differs across datasets.
log_hospital_emp_priv,segregation_blockdata_rural_200.dta; segregation_blockdata_rural_4000.dta; segregation_blockdata_urban_200.dta; segregation_blockdata_urban_4000.dta; segregation_citydata_rural_200.dta; segregation_citydata_urban_200.dta; segregation_citydata_urban_4000.dta,label,variable_label: <blank> (segregation_blockdata_urban_200.dta; segregation_blockdata_urban_4000.dta) | Log (private hospital employment in neighborhood) (segregation_blockdata_rural_200.dta; segregation_blockdata_rural_4000.dta) | Log (private hospital employment) (segregation_citydata_rural_200.dta; segregation_citydata_urban_200.dta; segregation_citydata_urban_4000.dta),Choose one authoritative variable label or rename if labels imply different concepts.,Blank versus nonblank labels are flagged because documentation differs across datasets.
log_hospital_emp_pub,segregation_blockdata_rural_200.dta; segregation_blockdata_rural_4000.dta; segregation_blockdata_urban_200.dta; segregation_blockdata_urban_4000.dta; segregation_citydata_rural_200.dta; segregation_citydata_urban_200.dta; segregation_citydata_urban_4000.dta,label,variable_label: <blank> (segregation_blockdata_urban_200.dta; segregation_blockdata_urban_4000.dta) | Log (public hospital employment in neighborhood) (segregation_blockdata_rural_200.dta; segregation_blockdata_rural_4000.dta) | Log (public hospital employment) (segregation_citydata_rural_200.dta; segregation_citydata_urban_200.dta; segregation_citydata_urban_4000.dta),Choose one authoritative variable label or rename if labels imply different concepts.,Blank versus nonblank labels are flagged because documentation differs across datasets.
log_hospital_priv,segregation_blockdata_rural_200.dta; segregation_blockdata_rural_4000.dta; segregation_blockdata_urban_200.dta; segregation_blockdata_urban_4000.dta; segregation_citydata_rural_200.dta; segregation_citydata_urban_200.dta; segregation_citydata_urban_4000.dta,label,variable_label: <blank> (segregation_blockdata_urban_200.dta; segregation_blockdata_urban_4000.dta) | Log (private hospitals in neighborhood) (segregation_blockdata_rural_200.dta; segregation_blockdata_rural_4000.dta) | Log (private hospitals) (segregation_citydata_rural_200.dta; segregation_citydata_urban_200.dta; segregation_citydata_urban_4000.dta),Choose one authoritative variable label or rename if labels imply different concepts.,Blank versus nonblank labels are flagged because documentation differs across datasets.
log_hospital_pub,segregation_blockdata_rural_200.dta; segregation_blockdata_rural_4000.dta; segregation_blockdata_urban_200.dta; segregation_blockdata_urban_4000.dta; segregation_citydata_rural_200.dta; segregation_citydata_urban_200.dta; segregation_citydata_urban_4000.dta,label,variable_label: <blank> (segregation_blockdata_urban_200.dta; segregation_blockdata_urban_4000.dta) | Log (public hospitals in neighborhood) (segregation_blockdata_rural_200.dta; segregation_blockdata_rural_4000.dta) | Log (public hospitals) (segregation_citydata_rural_200.dta; segregation_citydata_urban_200.dta; segregation_citydata_urban_4000.dta),Choose one authoritative variable label or rename if labels imply different concepts.,Blank versus nonblank labels are flagged because documentation differs across datasets.
log_primary,segregation_blockdata_rural_200.dta; segregation_blockdata_rural_4000.dta; segregation_blockdata_urban_200.dta; segregation_blockdata_urban_4000.dta; segregation_citydata_rural_200.dta; segregation_citydata_urban_200.dta; segregation_citydata_urban_4000.dta,label,variable_label: <blank> (segregation_blockdata_urban_200.dta; segregation_blockdata_urban_4000.dta) | Log (all primary schools in neighborhood)  (segregation_blockdata_rural_200.dta; segregation_blockdata_rural_4000.dta) | Log (primary schools)  (segregation_citydata_rural_200.dta; segregation_citydata_urban_200.dta; segregation_citydata_urban_4000.dta),Choose one authoritative variable label or rename if labels imply different concepts.,Blank versus nonblank labels are flagged because documentation differs across datasets.
log_primary_emp_priv,segregation_blockdata_rural_200.dta; segregation_blockdata_rural_4000.dta; segregation_blockdata_urban_200.dta; segregation_blockdata_urban_4000.dta; segregation_citydata_rural_200.dta; segregation_citydata_urban_200.dta; segregation_citydata_urban_4000.dta,label,variable_label: <blank> (segregation_blockdata_urban_200.dta; segregation_blockdata_urban_4000.dta) | Log (private primary school employment in neighborhood)  (segregation_blockdata_rural_200.dta; segregation_blockdata_rural_4000.dta) | Log (private primary school employment)  (segregation_citydata_rural_200.dta; segregation_citydata_urban_200.dta; segregation_citydata_urban_4000.dta),Choose one authoritative variable label or rename if labels imply different concepts.,Blank versus nonblank labels are flagged because documentation differs across datasets.
log_primary_emp_pub,segregation_blockdata_rural_200.dta; segregation_blockdata_rural_4000.dta; segregation_blockdata_urban_200.dta; segregation_blockdata_urban_4000.dta; segregation_citydata_rural_200.dta; segregation_citydata_urban_200.dta; segregation_citydata_urban_4000.dta,label,variable_label: <blank> (segregation_blockdata_urban_200.dta; segregation_blockdata_urban_4000.dta) | Log (public primary school employment in neighborhood)  (segregation_blockdata_rural_200.dta; segregation_blockdata_rural_4000.dta) | Log (public primary school employment)  (segregation_citydata_rural_200.dta; segregation_citydata_urban_200.dta; segregation_citydata_urban_4000.dta),Choose one authoritative variable label or rename if labels imply different concepts.,Blank versus nonblank labels are flagged because documentation differs across datasets.
log_primary_priv,segregation_blockdata_rural_200.dta; segregation_blockdata_rural_4000.dta; segregation_blockdata_urban_200.dta; segregation_blockdata_urban_4000.dta; segregation_citydata_rural_200.dta; segregation_citydata_urban_200.dta; segregation_citydata_urban_4000.dta,label,variable_label: <blank> (segregation_blockdata_urban_200.dta; segregation_blockdata_urban_4000.dta) | Log (private primary schools in neighborhood)  (segregation_blockdata_rural_200.dta; segregation_blockdata_rural_4000.dta) | Log (private primary schools)  (segregation_citydata_rural_200.dta; segregation_citydata_urban_200.dta; segregation_citydata_urban_4000.dta),Choose one authoritative variable label or rename if labels imply different concepts.,Blank versus nonblank labels are flagged because documentation differs across datasets.
log_primary_pub,segregation_blockdata_rural_200.dta; segregation_blockdata_rural_4000.dta; segregation_blockdata_urban_200.dta; segregation_blockdata_urban_4000.dta; segregation_citydata_rural_200.dta; segregation_citydata_urban_200.dta; segregation_citydata_urban_4000.dta,label,variable_label: <blank> (segregation_blockdata_urban_200.dta; segregation_blockdata_urban_4000.dta) | Log (public primary schools in neighborhood)  (segregation_blockdata_rural_200.dta; segregation_blockdata_rural_4000.dta) | Log (public primary schools)  (segregation_citydata_rural_200.dta; segregation_citydata_urban_200.dta; segregation_citydata_urban_4000.dta),Choose one authoritative variable label or rename if labels imply different concepts.,Blank versus nonblank labels are flagged because documentation differs across datasets.
log_secondary,segregation_blockdata_rural_200.dta; segregation_blockdata_rural_4000.dta; segregation_blockdata_urban_200.dta; segregation_blockdata_urban_4000.dta; segregation_citydata_rural_200.dta; segregation_citydata_urban_200.dta; segregation_citydata_urban_4000.dta,label,variable_label: <blank> (segregation_blockdata_urban_200.dta; segregation_blockdata_urban_4000.dta) | Log (all secondary schools in neighborhood) (segregation_blockdata_rural_200.dta; segregation_blockdata_rural_4000.dta) | Log (secondary schools) (segregation_citydata_rural_200.dta; segregation_citydata_urban_200.dta; segregation_citydata_urban_4000.dta),Choose one authoritative variable label or rename if labels imply different concepts.,Blank versus nonblank labels are flagged because documentation differs across datasets.
log_secondary_emp_priv,segregation_blockdata_rural_200.dta; segregation_blockdata_rural_4000.dta; segregation_blockdata_urban_200.dta; segregation_blockdata_urban_4000.dta; segregation_citydata_rural_200.dta; segregation_citydata_urban_200.dta; segregation_citydata_urban_4000.dta,label,variable_label: <blank> (segregation_blockdata_urban_200.dta; segregation_blockdata_urban_4000.dta) | Log (private secondary school employment in neighborhood) (segregation_blockdata_rural_200.dta; segregation_blockdata_rural_4000.dta) | Log (private secondary school employment) (segregation_citydata_rural_200.dta; segregation_citydata_urban_200.dta; segregation_citydata_urban_4000.dta),Choose one authoritative variable label or rename if labels imply different concepts.,Blank versus nonblank labels are flagged because documentation differs across datasets.
log_secondary_emp_pub,segregation_blockdata_rural_200.dta; segregation_blockdata_rural_4000.dta; segregation_blockdata_urban_200.dta; segregation_blockdata_urban_4000.dta; segregation_citydata_rural_200.dta; segregation_citydata_urban_200.dta; segregation_citydata_urban_4000.dta,label,variable_label: <blank> (segregation_blockdata_urban_200.dta; segregation_blockdata_urban_4000.dta) | Log (public secondary school employment in neighborhood) (segregation_blockdata_rural_200.dta; segregation_blockdata_rural_4000.dta) | Log (public secondary school employment) (segregation_citydata_rural_200.dta; segregation_citydata_urban_200.dta; segregation_citydata_urban_4000.dta),Choose one authoritative variable label or rename if labels imply different concepts.,Blank versus nonblank labels are flagged because documentation differs across datasets.
log_secondary_priv,segregation_blockdata_rural_200.dta; segregation_blockdata_rural_4000.dta; segregation_blockdata_urban_200.dta; segregation_blockdata_urban_4000.dta; segregation_citydata_rural_200.dta; segregation_citydata_urban_200.dta; segregation_citydata_urban_4000.dta,label,variable_label: <blank> (segregation_blockdata_urban_200.dta; segregation_blockdata_urban_4000.dta) | Log (private secondary schools in neighborhood) (segregation_blockdata_rural_200.dta; segregation_blockdata_rural_4000.dta) | Log (private secondary schools) (segregation_citydata_rural_200.dta; segregation_citydata_urban_200.dta; segregation_citydata_urban_4000.dta),Choose one authoritative variable label or rename if labels imply different concepts.,Blank versus nonblank labels are flagged because documentation differs across datasets.
log_secondary_pub,segregation_blockdata_rural_200.dta; segregation_blockdata_rural_4000.dta; segregation_blockdata_urban_200.dta; segregation_blockdata_urban_4000.dta; segregation_citydata_rural_200.dta; segregation_citydata_urban_200.dta; segregation_citydata_urban_4000.dta,label,variable_label: <blank> (segregation_blockdata_urban_200.dta; segregation_blockdata_urban_4000.dta) | Log (public secondary schools in neighborhood) (segregation_blockdata_rural_200.dta; segregation_blockdata_rural_4000.dta) | Log (public secondary schools) (segregation_citydata_rural_200.dta; segregation_citydata_urban_200.dta; segregation_citydata_urban_4000.dta),Choose one authoritative variable label or rename if labels imply different concepts.,Blank versus nonblank labels are flagged because documentation differs across datasets.
msa_black_pop,msa_tract_race_pop.dta; us_census_msa_dissim.dta,label,variable_label: (first) msa_black_pop (us_census_msa_dissim.dta) | <blank> (msa_tract_race_pop.dta),Choose one authoritative variable label or rename if labels imply different concepts.,Blank versus nonblank labels are flagged because documentation differs across datasets.
msa_dissim_bw_census,msa_tract_race_pop.dta; us_census_msa_dissim.dta,label,variable_label: (first) msa_dissim_bw_census (us_census_msa_dissim.dta) | dissimilarity: US Black (msa_tract_race_pop.dta),Choose one authoritative variable label or rename if labels imply different concepts.,Blank versus nonblank labels are flagged because documentation differs across datasets.
msa_dissim_us_census,msa_tract_race_pop.dta; us_census_msa_dissim.dta,label,variable_label: (first) msa_dissim_us_census (us_census_msa_dissim.dta) | dissimilarity: US Black (msa_tract_race_pop.dta),Choose one authoritative variable label or rename if labels imply different concepts.,Blank versus nonblank labels are flagged because documentation differs across datasets.
msa_iso_bw_census,msa_tract_race_pop.dta; us_census_msa_dissim.dta,label,variable_label: (first) msa_iso_bw_census (us_census_msa_dissim.dta) | Isolation: US Black (msa_tract_race_pop.dta),Choose one authoritative variable label or rename if labels imply different concepts.,Blank versus nonblank labels are flagged because documentation differs across datasets.
msa_iso_us_census,msa_tract_race_pop.dta; us_census_msa_dissim.dta,label,variable_label: (first) msa_iso_us_census (us_census_msa_dissim.dta) | Isolation: US Black (msa_tract_race_pop.dta),Choose one authoritative variable label or rename if labels imply different concepts.,Blank versus nonblank labels are flagged because documentation differs across datasets.
msa_pop_blackonly,msa_tract_race_pop.dta; us_census_msa_dissim.dta,label,variable_label: (first) msa_pop_blackonly (us_census_msa_dissim.dta) | Total:!!Population of one race:!!Black or African American alone (msa_tract_race_pop.dta),Choose one authoritative variable label or rename if labels imply different concepts.,Blank versus nonblank labels are flagged because documentation differs across datasets.
msa_total_pop,msa_tract_race_pop.dta; us_census_msa_dissim.dta,label,variable_label: (first) msa_total_pop (us_census_msa_dissim.dta) | Total: (msa_tract_race_pop.dta),Choose one authoritative variable label or rename if labels imply different concepts.,Blank versus nonblank labels are flagged because documentation differs across datasets.
msa_total_pop_bw,msa_tract_race_pop.dta; us_census_msa_dissim.dta,label,variable_label: (first) msa_total_pop_bw (us_census_msa_dissim.dta) | <blank> (msa_tract_race_pop.dta),Choose one authoritative variable label or rename if labels imply different concepts.,Blank versus nonblank labels are flagged because documentation differs across datasets.
muslim,segregation_blockdata_rural_200.dta; segregation_blockdata_rural_4000.dta; segregation_blockdata_urban_200.dta; segregation_blockdata_urban_4000.dta; segregation_citydata_rural_200.dta; segregation_citydata_urban_200.dta; segregation_citydata_urban_4000.dta,label,variable_label: (nansum) (nansum) muslim (segregation_blockdata_urban_200.dta; segregation_blockdata_urban_4000.dta) | Muslim count (segregation_citydata_rural_200.dta; segregation_citydata_urban_200.dta; segregation_citydata_urban_4000.dta) | Total population count muslim (segregation_blockdata_rural_200.dta; segregation_blockdata_rural_4000.dta),Choose one authoritative variable label or rename if labels imply different concepts.,Blank versus nonblank labels are flagged because documentation differs across datasets.
muslim_share,segregation_blockdata_rural_200.dta; segregation_blockdata_rural_4000.dta; segregation_blockdata_urban_200.dta; segregation_blockdata_urban_4000.dta; segregation_citydata_rural_200.dta; segregation_citydata_urban_200.dta; segregation_citydata_urban_4000.dta,label,variable_label: <blank> (segregation_blockdata_urban_200.dta; segregation_blockdata_urban_4000.dta) | Muslim Share in neighborhood (segregation_blockdata_rural_200.dta; segregation_blockdata_rural_4000.dta) | Muslim share (subdistrict) (segregation_citydata_rural_200.dta) | Muslim share (town) (segregation_citydata_urban_200.dta; segregation_citydata_urban_4000.dta),Choose one authoritative variable label or rename if labels imply different concepts.,Blank versus nonblank labels are flagged because documentation differs across datasets.
muslim_share_pc11,pc11_muslims_rural.dta; pc11_muslims_urban.dta; segregation_citydata_rural_200.dta; segregation_citydata_urban_200.dta; segregation_citydata_urban_4000.dta,label,variable_label: <blank> (pc11_muslims_rural.dta; pc11_muslims_urban.dta) | Muslim Share PC11 (segregation_citydata_rural_200.dta; segregation_citydata_urban_200.dta; segregation_citydata_urban_4000.dta),Choose one authoritative variable label or rename if labels imply different concepts.,Blank versus nonblank labels are flagged because documentation differs across datasets.
nonmuslim,segregation_blockdata_rural_200.dta; segregation_blockdata_rural_4000.dta; segregation_blockdata_urban_200.dta; segregation_blockdata_urban_4000.dta; segregation_citydata_rural_200.dta; segregation_citydata_urban_200.dta; segregation_citydata_urban_4000.dta,label,variable_label: (nansum) (nansum) nonmuslim (segregation_blockdata_urban_200.dta; segregation_blockdata_urban_4000.dta) | Non-Muslim Count (segregation_citydata_rural_200.dta; segregation_citydata_urban_200.dta; segregation_citydata_urban_4000.dta) | Total population count nonmuslim (segregation_blockdata_rural_200.dta; segregation_blockdata_rural_4000.dta),Choose one authoritative variable label or rename if labels imply different concepts.,Blank versus nonblank labels are flagged because documentation differs across datasets.
nonsc,segregation_blockdata_rural_200.dta; segregation_blockdata_rural_4000.dta; segregation_blockdata_urban_200.dta; segregation_blockdata_urban_4000.dta; segregation_citydata_rural_200.dta; segregation_citydata_urban_200.dta; segregation_citydata_urban_4000.dta,label,variable_label: (nansum) (nansum) nonsc (segregation_blockdata_urban_200.dta; segregation_blockdata_urban_4000.dta) | Non-SC Count (segregation_citydata_rural_200.dta; segregation_citydata_urban_200.dta; segregation_citydata_urban_4000.dta) | Total population count nonsc (segregation_blockdata_rural_200.dta; segregation_blockdata_rural_4000.dta),Choose one authoritative variable label or rename if labels imply different concepts.,Blank versus nonblank labels are flagged because documentation differs across datasets.
nonscmuslim,segregation_blockdata_rural_200.dta; segregation_blockdata_rural_4000.dta; segregation_blockdata_urban_200.dta; segregation_blockdata_urban_4000.dta; segregation_citydata_rural_200.dta; segregation_citydata_urban_200.dta; segregation_citydata_urban_4000.dta,label,variable_label: (nansum) (nansum) nonscmuslim (segregation_blockdata_urban_200.dta; segregation_blockdata_urban_4000.dta) | Other/General Count (segregation_citydata_rural_200.dta; segregation_citydata_urban_200.dta; segregation_citydata_urban_4000.dta) | Total population count nonscmuslim (segregation_blockdata_rural_200.dta; segregation_blockdata_rural_4000.dta),Choose one authoritative variable label or rename if labels imply different concepts.,Blank versus nonblank labels are flagged because documentation differs across datasets.
nonscmuslim_share,segregation_blockdata_rural_200.dta; segregation_blockdata_rural_4000.dta; segregation_blockdata_urban_200.dta; segregation_blockdata_urban_4000.dta; segregation_citydata_rural_200.dta; segregation_citydata_urban_200.dta; segregation_citydata_urban_4000.dta,label,variable_label: <blank> (segregation_blockdata_urban_200.dta; segregation_blockdata_urban_4000.dta) | Other Share in neighborhood (segregation_blockdata_rural_200.dta; segregation_blockdata_rural_4000.dta) | Other share (subdistrict) (segregation_citydata_rural_200.dta) | Other share (town) (segregation_citydata_urban_200.dta; segregation_citydata_urban_4000.dta),Choose one authoritative variable label or rename if labels imply different concepts.,Blank versus nonblank labels are flagged because documentation differs across datasets.
pc01_district_id,pc01_hb_eb_pop.dta; pc01_pdf_shrid_key.dta; pc01u_pca_clean.dta; pc11_pdf_shrid_key.dta,label,variable_label: 2001 district ID (pc11_pdf_shrid_key.dta) | <blank> (pc01_hb_eb_pop.dta) | District ID (pc01_pdf_shrid_key.dta; pc01u_pca_clean.dta),Choose one authoritative variable label or rename if labels imply different concepts.,Blank versus nonblank labels are flagged because documentation differs across datasets.
pc01_state_id,pc01_hb_eb_pop.dta; pc01_pdf_shrid_key.dta; pc01u_pca_clean.dta; pc11_pdf_shrid_key.dta; shrug_pc01u_key.dta,label,variable_label: 2001 state ID (pc11_pdf_shrid_key.dta) | 2001 state id (shrug_pc01u_key.dta) | <blank> (pc01_hb_eb_pop.dta) | State ID (pc01_pdf_shrid_key.dta; pc01u_pca_clean.dta),Choose one authoritative variable label or rename if labels imply different concepts.,Blank versus nonblank labels are flagged because documentation differs across datasets.
pc01_subdistrict_id,pc01_hb_eb_pop.dta; pc01_pdf_shrid_key.dta; pc01u_pca_clean.dta; pc11_pdf_shrid_key.dta,label,variable_label: 2001 subdistrict ID (pc11_pdf_shrid_key.dta) | 2001 subdistrict id (pc01_hb_eb_pop.dta) | Subdistrict (tehsil/taluk) ID (pc01_pdf_shrid_key.dta; pc01u_pca_clean.dta),Choose one authoritative variable label or rename if labels imply different concepts.,Blank versus nonblank labels are flagged because documentation differs across datasets.
pc01_town_id,pc01_hb_eb_pop.dta; pc01_pdf_shrid_key.dta; pc01u_pca_clean.dta; pc11_pdf_shrid_key.dta; shrug_pc01u_key.dta,label,variable_label: 2001 town ID (pc11_pdf_shrid_key.dta) | 2001 town id (shrug_pc01u_key.dta) | Town ID (pc01_hb_eb_pop.dta; pc01_pdf_shrid_key.dta; pc01u_pca_clean.dta),Choose one authoritative variable label or rename if labels imply different concepts.,Blank versus nonblank labels are flagged because documentation differs across datasets.
pc11_block_id_num,segregation_blockdata_rural_200.dta; segregation_blockdata_rural_4000.dta; segregation_blockdata_urban_200.dta; segregation_blockdata_urban_4000.dta,label,variable_label: (first) pc11_block_id_num (segregation_blockdata_urban_200.dta; segregation_blockdata_urban_4000.dta) | PC11 Block id (numeric) (segregation_blockdata_rural_200.dta; segregation_blockdata_rural_4000.dta),Choose one authoritative variable label or rename if labels imply different concepts.,Blank versus nonblank labels are flagged because documentation differs across datasets.
pc11_district_id,city_seg_district_rural_urban_200.dta; city_seg_district_rural_urban_4000.dta; pc11_pdf_shrid_key.dta; pc11r_pca_clean.dta; pc11r_subdistrict_social_group.dta; pc11u_pca_clean.dta; pc11u_town_social_group.dta; seg_correlates.dta; segregation_blockdata_rural_200.dta; segregation_blockdata_rural_4000.dta; segregation_blockdata_urban_200.dta; segregation_blockdata_urban_4000.dta; segregation_citydata_rural_200.dta; segregation_citydata_urban_200.dta; segregation_citydata_urban_4000.dta; shrug_pc11_subdistrict_key.dta,label,variable_label: 2011 district ID (segregation_blockdata_urban_200.dta; segregation_blockdata_urban_4000.dta) | 2011 district id (city_seg_district_rural_urban_200.dta; city_seg_district_rural_urban_4000.dta; seg_correlates.dta; segregation_blockdata_rural_200.dta; segregation_blockdata_rural_4000.dta; segregation_citydata_rural_200.dta; segregation_citydata_urban_200.dta; segregation_citydata_urban_4000.dta; shrug_pc11_subdistrict_key.dta) | District (pc11u_town_social_gro...,Choose one authoritative variable label or rename if labels imply different concepts.,Blank versus nonblank labels are flagged because documentation differs across datasets.
pc11_p_muslim,pc11r_subdistrict_social_group.dta; pc11u_town_social_group.dta,label,variable_label: Muslim TOT_P (pc11u_town_social_group.dta) | Rural Muslim population (pc11r_subdistrict_social_group.dta),Choose one authoritative variable label or rename if labels imply different concepts.,Blank versus nonblank labels are flagged because documentation differs across datasets.
pc11_pca_f_06,pc11r_pca_clean.dta; pc11u_pca_clean.dta; shrug_pc11_pca.dta,label,variable_label: Female Population (0-6) (pc11r_pca_clean.dta; pc11u_pca_clean.dta) | female population (0-6 years old) (shrug_pc11_pca.dta; shrug_pc11_pca.dta),Choose one authoritative variable label or rename if labels imply different concepts.,Blank versus nonblank labels are flagged because documentation differs across datasets.
pc11_pca_f_ill,pc11r_pca_clean.dta; pc11u_pca_clean.dta; shrug_pc11_pca.dta,label,variable_label: Illiterate Population Female (pc11r_pca_clean.dta; pc11u_pca_clean.dta) | female illiterate population (shrug_pc11_pca.dta; shrug_pc11_pca.dta),Choose one authoritative variable label or rename if labels imply different concepts.,Blank versus nonblank labels are flagged because documentation differs across datasets.
pc11_pca_f_lit,pc11r_pca_clean.dta; pc11u_pca_clean.dta; shrug_pc11_pca.dta,label,variable_label: Literate Population Female (pc11r_pca_clean.dta; pc11u_pca_clean.dta) | female literate population (shrug_pc11_pca.dta; shrug_pc11_pca.dta),Choose one authoritative variable label or rename if labels imply different concepts.,Blank versus nonblank labels are flagged because documentation differs across datasets.
pc11_pca_f_sc,pc11r_pca_clean.dta; pc11u_pca_clean.dta; shrug_pc11_pca.dta,label,variable_label: Scheduled Castes Population Female (pc11r_pca_clean.dta; pc11u_pca_clean.dta) | female scheduled castes population (shrug_pc11_pca.dta; shrug_pc11_pca.dta),Choose one authoritative variable label or rename if labels imply different concepts.,Blank versus nonblank labels are flagged because documentation differs across datasets.
pc11_pca_f_st,pc11r_pca_clean.dta; pc11u_pca_clean.dta; shrug_pc11_pca.dta,label,variable_label: Scheduled Tribes Population Female (pc11r_pca_clean.dta; pc11u_pca_clean.dta) | female scheduled tribes population (shrug_pc11_pca.dta; shrug_pc11_pca.dta),Choose one authoritative variable label or rename if labels imply different concepts.,Blank versus nonblank labels are flagged because documentation differs across datasets.
pc11_pca_m_06,pc11r_pca_clean.dta; pc11u_pca_clean.dta; shrug_pc11_pca.dta,label,variable_label: Male Population (0-6) (pc11r_pca_clean.dta; pc11u_pca_clean.dta) | male population (0-6 years old) (shrug_pc11_pca.dta; shrug_pc11_pca.dta),Choose one authoritative variable label or rename if labels imply different concepts.,Blank versus nonblank labels are flagged because documentation differs across datasets.
pc11_pca_m_ill,pc11r_pca_clean.dta; pc11u_pca_clean.dta; shrug_pc11_pca.dta,label,variable_label: Illiterate Population Male (pc11r_pca_clean.dta; pc11u_pca_clean.dta) | male illiterate population (shrug_pc11_pca.dta; shrug_pc11_pca.dta),Choose one authoritative variable label or rename if labels imply different concepts.,Blank versus nonblank labels are flagged because documentation differs across datasets.
pc11_pca_m_lit,pc11r_pca_clean.dta; pc11u_pca_clean.dta; shrug_pc11_pca.dta,label,variable_label: Literate Population Male (pc11r_pca_clean.dta; pc11u_pca_clean.dta) | male literate population (shrug_pc11_pca.dta; shrug_pc11_pca.dta),Choose one authoritative variable label or rename if labels imply different concepts.,Blank versus nonblank labels are flagged because documentation differs across datasets.
pc11_pca_m_sc,pc11r_pca_clean.dta; pc11u_pca_clean.dta; shrug_pc11_pca.dta,label,variable_label: Scheduled Castes Population Male (pc11r_pca_clean.dta; pc11u_pca_clean.dta) | male scheduled castes population (shrug_pc11_pca.dta; shrug_pc11_pca.dta),Choose one authoritative variable label or rename if labels imply different concepts.,Blank versus nonblank labels are flagged because documentation differs across datasets.
pc11_pca_m_st,pc11r_pca_clean.dta; pc11u_pca_clean.dta; shrug_pc11_pca.dta,label,variable_label: Scheduled Tribes Population Male (pc11r_pca_clean.dta; pc11u_pca_clean.dta) | male scheduled tribes population (shrug_pc11_pca.dta; shrug_pc11_pca.dta),Choose one authoritative variable label or rename if labels imply different concepts.,Blank versus nonblank labels are flagged because documentation differs across datasets.
pc11_pca_main_al_f,pc11r_pca_clean.dta; pc11u_pca_clean.dta; shrug_pc11_pca.dta,label,variable_label: Agricultural Labourers - Female (pc11r_pca_clean.dta; pc11u_pca_clean.dta) | female agricultural labourers (shrug_pc11_pca.dta; shrug_pc11_pca.dta),Choose one authoritative variable label or rename if labels imply different concepts.,Blank versus nonblank labels are flagged because documentation differs across datasets.
pc11_pca_main_al_m,pc11r_pca_clean.dta; pc11u_pca_clean.dta; shrug_pc11_pca.dta,label,variable_label: Agricultural Labourers - Male (pc11r_pca_clean.dta; pc11u_pca_clean.dta) | male agricultural labourers (shrug_pc11_pca.dta; shrug_pc11_pca.dta),Choose one authoritative variable label or rename if labels imply different concepts.,Blank versus nonblank labels are flagged because documentation differs across datasets.
pc11_pca_main_al_p,pc11r_pca_clean.dta; pc11u_pca_clean.dta; shrug_pc11_pca.dta,label,variable_label: Agricultural Labourers - Total (pc11r_pca_clean.dta; pc11u_pca_clean.dta) | total agricultural labourers (shrug_pc11_pca.dta; shrug_pc11_pca.dta),Choose one authoritative variable label or rename if labels imply different concepts.,Blank versus nonblank labels are flagged because documentation differs across datasets.
pc11_pca_main_cl_f,pc11r_pca_clean.dta; pc11u_pca_clean.dta; shrug_pc11_pca.dta,label,variable_label: Cultivators - Female (pc11r_pca_clean.dta; pc11u_pca_clean.dta) | female cultivators (shrug_pc11_pca.dta; shrug_pc11_pca.dta),Choose one authoritative variable label or rename if labels imply different concepts.,Blank versus nonblank labels are flagged because documentation differs across datasets.
pc11_pca_main_cl_m,pc11r_pca_clean.dta; pc11u_pca_clean.dta; shrug_pc11_pca.dta,label,variable_label: Cultivators - Male (pc11r_pca_clean.dta; pc11u_pca_clean.dta) | male cultivators (shrug_pc11_pca.dta; shrug_pc11_pca.dta),Choose one authoritative variable label or rename if labels imply different concepts.,Blank versus nonblank labels are flagged because documentation differs across datasets.
pc11_pca_main_cl_p,pc11r_pca_clean.dta; pc11u_pca_clean.dta; shrug_pc11_pca.dta,label,variable_label: Cultivators - Total (pc11r_pca_clean.dta; pc11u_pca_clean.dta) | total cultivators (shrug_pc11_pca.dta; shrug_pc11_pca.dta),Choose one authoritative variable label or rename if labels imply different concepts.,Blank versus nonblank labels are flagged because documentation differs across datasets.
pc11_pca_main_hh_f,pc11r_pca_clean.dta; pc11u_pca_clean.dta; shrug_pc11_pca.dta,label,variable_label: Manufacturing and Processing in Household Industries - Female (pc11r_pca_clean.dta; pc11u_pca_clean.dta) | female household industries workers (shrug_pc11_pca.dta; shrug_pc11_pca.dta),Choose one authoritative variable label or rename if labels imply different concepts.,Blank versus nonblank labels are flagged because documentation differs across datasets.
pc11_pca_main_hh_m,pc11r_pca_clean.dta; pc11u_pca_clean.dta; shrug_pc11_pca.dta,label,variable_label: Manufacturing and Processing in Household Industries - Male (pc11r_pca_clean.dta; pc11u_pca_clean.dta) | male household industries workers (shrug_pc11_pca.dta; shrug_pc11_pca.dta),Choose one authoritative variable label or rename if labels imply different concepts.,Blank versus nonblank labels are flagged because documentation differs across datasets.
pc11_pca_main_hh_p,pc11r_pca_clean.dta; pc11u_pca_clean.dta; shrug_pc11_pca.dta,label,variable_label: Manufacturing and Processing in Household Industries - Total (pc11r_pca_clean.dta; pc11u_pca_clean.dta) | total household industries workers (shrug_pc11_pca.dta; shrug_pc11_pca.dta),Choose one authoritative variable label or rename if labels imply different concepts.,Blank versus nonblank labels are flagged because documentation differs across datasets.
pc11_pca_main_ot_f,pc11r_pca_clean.dta; pc11u_pca_clean.dta; shrug_pc11_pca.dta,label,variable_label: Other Services Workers - Female (pc11r_pca_clean.dta; pc11u_pca_clean.dta) | female other serices workers (shrug_pc11_pca.dta; shrug_pc11_pca.dta),Choose one authoritative variable label or rename if labels imply different concepts.,Blank versus nonblank labels are flagged because documentation differs across datasets.
pc11_pca_main_ot_m,pc11r_pca_clean.dta; pc11u_pca_clean.dta; shrug_pc11_pca.dta,label,variable_label: Other Services Workers - Male (pc11r_pca_clean.dta; pc11u_pca_clean.dta) | male other serices workers (shrug_pc11_pca.dta; shrug_pc11_pca.dta),Choose one authoritative variable label or rename if labels imply different concepts.,Blank versus nonblank labels are flagged because documentation differs across datasets.
pc11_pca_main_ot_p,pc11r_pca_clean.dta; pc11u_pca_clean.dta; shrug_pc11_pca.dta,label,variable_label: Other Services Workers - Total (pc11r_pca_clean.dta; pc11u_pca_clean.dta) | total other serices workers (shrug_pc11_pca.dta; shrug_pc11_pca.dta),Choose one authoritative variable label or rename if labels imply different concepts.,Blank versus nonblank labels are flagged because documentation differs across datasets.
pc11_pca_mainwork_f,pc11r_pca_clean.dta; pc11u_pca_clean.dta; shrug_pc11_pca.dta,label,variable_label: Main Workers - Female (pc11r_pca_clean.dta; pc11u_pca_clean.dta) | female main workers (shrug_pc11_pca.dta; shrug_pc11_pca.dta),Choose one authoritative variable label or rename if labels imply different concepts.,Blank versus nonblank labels are flagged because documentation differs across datasets.
pc11_pca_mainwork_m,pc11r_pca_clean.dta; pc11u_pca_clean.dta; shrug_pc11_pca.dta,label,variable_label: Main Workers - Male (pc11r_pca_clean.dta; pc11u_pca_clean.dta) | male main workers (shrug_pc11_pca.dta; shrug_pc11_pca.dta),Choose one authoritative variable label or rename if labels imply different concepts.,Blank versus nonblank labels are flagged because documentation differs across datasets.
pc11_pca_mainwork_p,pc11r_pca_clean.dta; pc11u_pca_clean.dta; shrug_pc11_pca.dta,label,variable_label: Main Workers - Total (pc11r_pca_clean.dta; pc11u_pca_clean.dta) | total main workers (shrug_pc11_pca.dta; shrug_pc11_pca.dta),Choose one authoritative variable label or rename if labels imply different concepts.,Blank versus nonblank labels are flagged because documentation differs across datasets.
pc11_pca_marg_al03_f,pc11r_pca_clean.dta; pc11u_pca_clean.dta; shrug_pc11_pca.dta,label,variable_label: Marginal Agricultural Labourers (0-3) Female (pc11r_pca_clean.dta; pc11u_pca_clean.dta) | female marginal agricultural labourers (0-3 months) (shrug_pc11_pca.dta; shrug_pc11_pca.dta),Choose one authoritative variable label or rename if labels imply different concepts.,Blank versus nonblank labels are flagged because documentation differs across datasets.
pc11_pca_marg_al03_m,pc11r_pca_clean.dta; pc11u_pca_clean.dta; shrug_pc11_pca.dta,label,variable_label: Marginal Agricultural Labourers (0-3) Male (pc11r_pca_clean.dta; pc11u_pca_clean.dta) | male marginal agricultural labourers (0-3 months) (shrug_pc11_pca.dta; shrug_pc11_pca.dta),Choose one authoritative variable label or rename if labels imply different concepts.,Blank versus nonblank labels are flagged because documentation differs across datasets.
pc11_pca_marg_al03_p,pc11r_pca_clean.dta; pc11u_pca_clean.dta; shrug_pc11_pca.dta,label,variable_label: Marginal Agricultural Labourers (0-3) Total (pc11r_pca_clean.dta; pc11u_pca_clean.dta) | total marginal agricultural labourers (0-3 months) (shrug_pc11_pca.dta; shrug_pc11_pca.dta),Choose one authoritative variable label or rename if labels imply different concepts.,Blank versus nonblank labels are flagged because documentation differs across datasets.
pc11_pca_marg_al36_f,pc11r_pca_clean.dta; pc11u_pca_clean.dta; shrug_pc11_pca.dta,label,variable_label: Marginal Agricultural Labourers (3-6) Female (pc11r_pca_clean.dta; pc11u_pca_clean.dta) | female marginal agricultural labourers (3-6 months) (shrug_pc11_pca.dta; shrug_pc11_pca.dta),Choose one authoritative variable label or rename if labels imply different concepts.,Blank versus nonblank labels are flagged because documentation differs across datasets.
pc11_pca_marg_al36_m,pc11r_pca_clean.dta; pc11u_pca_clean.dta; shrug_pc11_pca.dta,label,variable_label: Marginal Agricultural Labourers (3-6) Male (pc11r_pca_clean.dta; pc11u_pca_clean.dta) | male marginal agricultural labourers (3-6 months) (shrug_pc11_pca.dta; shrug_pc11_pca.dta),Choose one authoritative variable label or rename if labels imply different concepts.,Blank versus nonblank labels are flagged because documentation differs across datasets.
pc11_pca_marg_al36_p,pc11r_pca_clean.dta; pc11u_pca_clean.dta; shrug_pc11_pca.dta,label,variable_label: Marginal Agricultural Labourers (3-6) Total (pc11r_pca_clean.dta; pc11u_pca_clean.dta) | total marginal agricultural labourers (3-6 months) (shrug_pc11_pca.dta; shrug_pc11_pca.dta),Choose one authoritative variable label or rename if labels imply different concepts.,Blank versus nonblank labels are flagged because documentation differs across datasets.
pc11_pca_marg_al_f,pc11r_pca_clean.dta; pc11u_pca_clean.dta; shrug_pc11_pca.dta,label,variable_label: Marginal Agricultural Labourers - Female (pc11r_pca_clean.dta; pc11u_pca_clean.dta) | female marginal agricultural labourers (shrug_pc11_pca.dta; shrug_pc11_pca.dta),Choose one authoritative variable label or rename if labels imply different concepts.,Blank versus nonblank labels are flagged because documentation differs across datasets.
pc11_pca_marg_al_m,pc11r_pca_clean.dta; pc11u_pca_clean.dta; shrug_pc11_pca.dta,label,variable_label: Marginal Agricultural Labourers - Male (pc11r_pca_clean.dta; pc11u_pca_clean.dta) | male marginal agricultural labourers (shrug_pc11_pca.dta; shrug_pc11_pca.dta),Choose one authoritative variable label or rename if labels imply different concepts.,Blank versus nonblank labels are flagged because documentation differs across datasets.
pc11_pca_marg_al_p,pc11r_pca_clean.dta; pc11u_pca_clean.dta; shrug_pc11_pca.dta,label,variable_label: Marginal Agricultural Labourers - Total (pc11r_pca_clean.dta; pc11u_pca_clean.dta) | total marginal agricultural labourers (shrug_pc11_pca.dta; shrug_pc11_pca.dta),Choose one authoritative variable label or rename if labels imply different concepts.,Blank versus nonblank labels are flagged because documentation differs across datasets.
pc11_pca_marg_cl03_f,pc11r_pca_clean.dta; pc11u_pca_clean.dta; shrug_pc11_pca.dta,label,variable_label: Marginal Cultivators (0-3) Female (pc11r_pca_clean.dta; pc11u_pca_clean.dta) | female marginal cultivators (0-3 months) (shrug_pc11_pca.dta; shrug_pc11_pca.dta),Choose one authoritative variable label or rename if labels imply different concepts.,Blank versus nonblank labels are flagged because documentation differs across datasets.
pc11_pca_marg_cl03_m,pc11r_pca_clean.dta; pc11u_pca_clean.dta; shrug_pc11_pca.dta,label,variable_label: Marginal Cultivators (0-3) Male (pc11r_pca_clean.dta; pc11u_pca_clean.dta) | male marginal cultivators (0-3 months) (shrug_pc11_pca.dta; shrug_pc11_pca.dta),Choose one authoritative variable label or rename if labels imply different concepts.,Blank versus nonblank labels are flagged because documentation differs across datasets.
pc11_pca_marg_cl03_p,pc11r_pca_clean.dta; pc11u_pca_clean.dta; shrug_pc11_pca.dta,label,variable_label: Marginal Cultivators (0-3) Total (pc11r_pca_clean.dta; pc11u_pca_clean.dta) | total marginal cultivators (0-3 months) (shrug_pc11_pca.dta; shrug_pc11_pca.dta),Choose one authoritative variable label or rename if labels imply different concepts.,Blank versus nonblank labels are flagged because documentation differs across datasets.
pc11_pca_marg_cl36_f,pc11r_pca_clean.dta; pc11u_pca_clean.dta; shrug_pc11_pca.dta,label,variable_label: Marginal Cultivators (3-6) Female (pc11r_pca_clean.dta; pc11u_pca_clean.dta) | female marginal cultivators (3-6 months) (shrug_pc11_pca.dta; shrug_pc11_pca.dta),Choose one authoritative variable label or rename if labels imply different concepts.,Blank versus nonblank labels are flagged because documentation differs across datasets.
pc11_pca_marg_cl36_m,pc11r_pca_clean.dta; pc11u_pca_clean.dta; shrug_pc11_pca.dta,label,variable_label: Marginal Cultivators (3-6) Male (pc11r_pca_clean.dta; pc11u_pca_clean.dta) | male marginal cultivators (3-6 months) (shrug_pc11_pca.dta; shrug_pc11_pca.dta),Choose one authoritative variable label or rename if labels imply different concepts.,Blank versus nonblank labels are flagged because documentation differs across datasets.
pc11_pca_marg_cl36_p,pc11r_pca_clean.dta; pc11u_pca_clean.dta; shrug_pc11_pca.dta,label,variable_label: Marginal Cultivators (3-6) Total (pc11r_pca_clean.dta; pc11u_pca_clean.dta) | total marginal cultivators (3-6 months) (shrug_pc11_pca.dta; shrug_pc11_pca.dta),Choose one authoritative variable label or rename if labels imply different concepts.,Blank versus nonblank labels are flagged because documentation differs across datasets.
pc11_pca_marg_cl_f,pc11r_pca_clean.dta; pc11u_pca_clean.dta; shrug_pc11_pca.dta,label,variable_label: Marginal Cultivators - Female (pc11r_pca_clean.dta; pc11u_pca_clean.dta) | female marginal cultivators (shrug_pc11_pca.dta; shrug_pc11_pca.dta),Choose one authoritative variable label or rename if labels imply different concepts.,Blank versus nonblank labels are flagged because documentation differs across datasets.
pc11_pca_marg_cl_m,pc11r_pca_clean.dta; pc11u_pca_clean.dta; shrug_pc11_pca.dta,label,variable_label: Marginal Cultivators - Male (pc11r_pca_clean.dta; pc11u_pca_clean.dta) | male marginal cultivators (shrug_pc11_pca.dta; shrug_pc11_pca.dta),Choose one authoritative variable label or rename if labels imply different concepts.,Blank versus nonblank labels are flagged because documentation differs across datasets.
pc11_pca_marg_cl_p,pc11r_pca_clean.dta; pc11u_pca_clean.dta; shrug_pc11_pca.dta,label,variable_label: Marginal Cultivators - Total (pc11r_pca_clean.dta; pc11u_pca_clean.dta) | total marginal cultivators (shrug_pc11_pca.dta; shrug_pc11_pca.dta),Choose one authoritative variable label or rename if labels imply different concepts.,Blank versus nonblank labels are flagged because documentation differs across datasets.
pc11_pca_marg_hh03_f,pc11r_pca_clean.dta; pc11u_pca_clean.dta; shrug_pc11_pca.dta,label,variable_label: Marginal Household Industries (0-3) Female (pc11r_pca_clean.dta; pc11u_pca_clean.dta) | female marginal household industries workers (0-3 months) (shrug_pc11_pca.dta; shrug_pc11_pca.dta),Choose one authoritative variable label or rename if labels imply different concepts.,Blank versus nonblank labels are flagged because documentation differs across datasets.
pc11_pca_marg_hh03_m,pc11r_pca_clean.dta; pc11u_pca_clean.dta; shrug_pc11_pca.dta,label,variable_label: Marginal Household Industries (0-3) Male (pc11r_pca_clean.dta; pc11u_pca_clean.dta) | male marginal household industries workers (0-3 months) (shrug_pc11_pca.dta; shrug_pc11_pca.dta),Choose one authoritative variable label or rename if labels imply different concepts.,Blank versus nonblank labels are flagged because documentation differs across datasets.
pc11_pca_marg_hh03_p,pc11r_pca_clean.dta; pc11u_pca_clean.dta; shrug_pc11_pca.dta,label,variable_label: Marginal Household Industries (0-3) Total (pc11r_pca_clean.dta; pc11u_pca_clean.dta) | total marginal household industries workers (0-3 months) (shrug_pc11_pca.dta; shrug_pc11_pca.dta),Choose one authoritative variable label or rename if labels imply different concepts.,Blank versus nonblank labels are flagged because documentation differs across datasets.
pc11_pca_marg_hh36_f,pc11r_pca_clean.dta; pc11u_pca_clean.dta; shrug_pc11_pca.dta,label,variable_label: Marginal Household Industries (3-6) Female (pc11r_pca_clean.dta; pc11u_pca_clean.dta) | female marginal household industries workers (3-6 months) (shrug_pc11_pca.dta; shrug_pc11_pca.dta),Choose one authoritative variable label or rename if labels imply different concepts.,Blank versus nonblank labels are flagged because documentation differs across datasets.
pc11_pca_marg_hh36_m,pc11r_pca_clean.dta; pc11u_pca_clean.dta; shrug_pc11_pca.dta,label,variable_label: Marginal Household Industries (3-6) Male (pc11r_pca_clean.dta; pc11u_pca_clean.dta) | male marginal household industries workers (3-6 months) (shrug_pc11_pca.dta; shrug_pc11_pca.dta),Choose one authoritative variable label or rename if labels imply different concepts.,Blank versus nonblank labels are flagged because documentation differs across datasets.
pc11_pca_marg_hh36_p,pc11r_pca_clean.dta; pc11u_pca_clean.dta; shrug_pc11_pca.dta,label,variable_label: Marginal Household Industries (3-6) Total (pc11r_pca_clean.dta; pc11u_pca_clean.dta) | total marginal household industries workers (3-6 months) (shrug_pc11_pca.dta; shrug_pc11_pca.dta),Choose one authoritative variable label or rename if labels imply different concepts.,Blank versus nonblank labels are flagged because documentation differs across datasets.
pc11_pca_marg_hh_f,pc11r_pca_clean.dta; pc11u_pca_clean.dta; shrug_pc11_pca.dta,label,variable_label: Marginal Household Industries - Female (pc11r_pca_clean.dta; pc11u_pca_clean.dta) | female marginal household industries workers (shrug_pc11_pca.dta; shrug_pc11_pca.dta),Choose one authoritative variable label or rename if labels imply different concepts.,Blank versus nonblank labels are flagged because documentation differs across datasets.
pc11_pca_marg_hh_m,pc11r_pca_clean.dta; pc11u_pca_clean.dta; shrug_pc11_pca.dta,label,variable_label: Marginal Household Industries - Male (pc11r_pca_clean.dta; pc11u_pca_clean.dta) | male marginal household industries workers (shrug_pc11_pca.dta; shrug_pc11_pca.dta),Choose one authoritative variable label or rename if labels imply different concepts.,Blank versus nonblank labels are flagged because documentation differs across datasets.
pc11_pca_marg_hh_p,pc11r_pca_clean.dta; pc11u_pca_clean.dta; shrug_pc11_pca.dta,label,variable_label: Marginal Household Industries - Total (pc11r_pca_clean.dta; pc11u_pca_clean.dta) | total marginal household industries workers (shrug_pc11_pca.dta; shrug_pc11_pca.dta),Choose one authoritative variable label or rename if labels imply different concepts.,Blank versus nonblank labels are flagged because documentation differs across datasets.
pc11_pca_marg_ot03_f,pc11r_pca_clean.dta; pc11u_pca_clean.dta; shrug_pc11_pca.dta,label,variable_label: Marginal Other Services Workers (0-3) Female (pc11r_pca_clean.dta; pc11u_pca_clean.dta) | female marginal other services workers (0-3 months) (shrug_pc11_pca.dta; shrug_pc11_pca.dta),Choose one authoritative variable label or rename if labels imply different concepts.,Blank versus nonblank labels are flagged because documentation differs across datasets.
pc11_pca_marg_ot03_m,pc11r_pca_clean.dta; pc11u_pca_clean.dta; shrug_pc11_pca.dta,label,variable_label: Marginal Other Services Workers (0-3) Male (pc11r_pca_clean.dta; pc11u_pca_clean.dta) | male marginal other services workers (0-3 months) (shrug_pc11_pca.dta; shrug_pc11_pca.dta),Choose one authoritative variable label or rename if labels imply different concepts.,Blank versus nonblank labels are flagged because documentation differs across datasets.
pc11_pca_marg_ot03_p,pc11r_pca_clean.dta; pc11u_pca_clean.dta; shrug_pc11_pca.dta,label,variable_label: Marginal Other Services Workers (0-3) Total (pc11r_pca_clean.dta; pc11u_pca_clean.dta) | total marginal other services workers (0-3 months) (shrug_pc11_pca.dta; shrug_pc11_pca.dta),Choose one authoritative variable label or rename if labels imply different concepts.,Blank versus nonblank labels are flagged because documentation differs across datasets.
pc11_pca_marg_ot36_f,pc11r_pca_clean.dta; pc11u_pca_clean.dta; shrug_pc11_pca.dta,label,variable_label: Marginal Other Services Workers (3-6) Female (pc11r_pca_clean.dta; pc11u_pca_clean.dta) | female marginal other services workers (3-6 months) (shrug_pc11_pca.dta; shrug_pc11_pca.dta),Choose one authoritative variable label or rename if labels imply different concepts.,Blank versus nonblank labels are flagged because documentation differs across datasets.
pc11_pca_marg_ot36_m,pc11r_pca_clean.dta; pc11u_pca_clean.dta; shrug_pc11_pca.dta,label,variable_label: Marginal Other Services Workers (3-6) Male (pc11r_pca_clean.dta; pc11u_pca_clean.dta) | male marginal other services workers (3-6 months) (shrug_pc11_pca.dta; shrug_pc11_pca.dta),Choose one authoritative variable label or rename if labels imply different concepts.,Blank versus nonblank labels are flagged because documentation differs across datasets.
pc11_pca_marg_ot36_p,pc11r_pca_clean.dta; pc11u_pca_clean.dta; shrug_pc11_pca.dta,label,variable_label: Marginal Other Services Workers (3-6) Total (pc11r_pca_clean.dta; pc11u_pca_clean.dta) | total marginal other services workers (3-6 months) (shrug_pc11_pca.dta; shrug_pc11_pca.dta),Choose one authoritative variable label or rename if labels imply different concepts.,Blank versus nonblank labels are flagged because documentation differs across datasets.
pc11_pca_marg_ot_f,pc11r_pca_clean.dta; pc11u_pca_clean.dta; shrug_pc11_pca.dta,label,variable_label: Marginal Other Services Workers - Female (pc11r_pca_clean.dta; pc11u_pca_clean.dta) | female marginal other services workers (shrug_pc11_pca.dta; shrug_pc11_pca.dta),Choose one authoritative variable label or rename if labels imply different concepts.,Blank versus nonblank labels are flagged because documentation differs across datasets.
pc11_pca_marg_ot_m,pc11r_pca_clean.dta; pc11u_pca_clean.dta; shrug_pc11_pca.dta,label,variable_label: Marginal Other Services Workers - Male (pc11r_pca_clean.dta; pc11u_pca_clean.dta) | male marginal other services workers (shrug_pc11_pca.dta; shrug_pc11_pca.dta),Choose one authoritative variable label or rename if labels imply different concepts.,Blank versus nonblank labels are flagged because documentation differs across datasets.
pc11_pca_marg_ot_p,pc11r_pca_clean.dta; pc11u_pca_clean.dta; shrug_pc11_pca.dta,label,variable_label: Marginal Other Services Workers - Total (pc11r_pca_clean.dta; pc11u_pca_clean.dta) | total marginal other services workers (shrug_pc11_pca.dta; shrug_pc11_pca.dta),Choose one authoritative variable label or rename if labels imply different concepts.,Blank versus nonblank labels are flagged because documentation differs across datasets.
pc11_pca_margwork03_f,pc11r_pca_clean.dta; pc11u_pca_clean.dta; shrug_pc11_pca.dta,label,variable_label: Marginal Workers (0-3) Female (pc11r_pca_clean.dta; pc11u_pca_clean.dta) | female marginal workers (0-3 months) (shrug_pc11_pca.dta; shrug_pc11_pca.dta),Choose one authoritative variable label or rename if labels imply different concepts.,Blank versus nonblank labels are flagged because documentation differs across datasets.
pc11_pca_margwork03_m,pc11r_pca_clean.dta; pc11u_pca_clean.dta; shrug_pc11_pca.dta,label,variable_label: Marginal Workers (0-3) Male (pc11r_pca_clean.dta; pc11u_pca_clean.dta) | male marginal workers (0-3 months) (shrug_pc11_pca.dta; shrug_pc11_pca.dta),Choose one authoritative variable label or rename if labels imply different concepts.,Blank versus nonblank labels are flagged because documentation differs across datasets.
pc11_pca_margwork03_p,pc11r_pca_clean.dta; pc11u_pca_clean.dta; shrug_pc11_pca.dta,label,variable_label: Marginal Workers (0-3) Total (pc11r_pca_clean.dta; pc11u_pca_clean.dta) | total marginal workers (0-3 months) (shrug_pc11_pca.dta; shrug_pc11_pca.dta),Choose one authoritative variable label or rename if labels imply different concepts.,Blank versus nonblank labels are flagged because documentation differs across datasets.
pc11_pca_margwork36_f,pc11r_pca_clean.dta; pc11u_pca_clean.dta; shrug_pc11_pca.dta,label,variable_label: Marginal Workers (3-6) Female (pc11r_pca_clean.dta; pc11u_pca_clean.dta) | female marginal workers (3-6 months) (shrug_pc11_pca.dta; shrug_pc11_pca.dta),Choose one authoritative variable label or rename if labels imply different concepts.,Blank versus nonblank labels are flagged because documentation differs across datasets.
pc11_pca_margwork36_m,pc11r_pca_clean.dta; pc11u_pca_clean.dta; shrug_pc11_pca.dta,label,variable_label: Marginal Workers (3-6) Male (pc11r_pca_clean.dta; pc11u_pca_clean.dta) | male marginal workers (3-6 months) (shrug_pc11_pca.dta; shrug_pc11_pca.dta),Choose one authoritative variable label or rename if labels imply different concepts.,Blank versus nonblank labels are flagged because documentation differs across datasets.
pc11_pca_margwork36_p,pc11r_pca_clean.dta; pc11u_pca_clean.dta; shrug_pc11_pca.dta,label,variable_label: Marginal Workers (3-6) Total (pc11r_pca_clean.dta; pc11u_pca_clean.dta) | total marginal workers (3-6 months) (shrug_pc11_pca.dta; shrug_pc11_pca.dta),Choose one authoritative variable label or rename if labels imply different concepts.,Blank versus nonblank labels are flagged because documentation differs across datasets.
pc11_pca_margwork_f,pc11r_pca_clean.dta; pc11u_pca_clean.dta; shrug_pc11_pca.dta,label,variable_label: Marginal Workers - Female (pc11r_pca_clean.dta; pc11u_pca_clean.dta) | female marginal workers (shrug_pc11_pca.dta; shrug_pc11_pca.dta),Choose one authoritative variable label or rename if labels imply different concepts.,Blank versus nonblank labels are flagged because documentation differs across datasets.
pc11_pca_margwork_m,pc11r_pca_clean.dta; pc11u_pca_clean.dta; shrug_pc11_pca.dta,label,variable_label: Marginal Workers - Male (pc11r_pca_clean.dta; pc11u_pca_clean.dta) | male marginal workers (shrug_pc11_pca.dta; shrug_pc11_pca.dta),Choose one authoritative variable label or rename if labels imply different concepts.,Blank versus nonblank labels are flagged because documentation differs across datasets.
pc11_pca_margwork_p,pc11r_pca_clean.dta; pc11u_pca_clean.dta; shrug_pc11_pca.dta,label,variable_label: Marginal Workers - Total (pc11r_pca_clean.dta; pc11u_pca_clean.dta) | total marginal workers (shrug_pc11_pca.dta; shrug_pc11_pca.dta),Choose one authoritative variable label or rename if labels imply different concepts.,Blank versus nonblank labels are flagged because documentation differs across datasets.
pc11_pca_non_work_f,pc11r_pca_clean.dta; pc11u_pca_clean.dta; shrug_pc11_pca.dta,label,variable_label: Non-Workers - Female (pc11r_pca_clean.dta; pc11u_pca_clean.dta) | female non-workers (shrug_pc11_pca.dta; shrug_pc11_pca.dta),Choose one authoritative variable label or rename if labels imply different concepts.,Blank versus nonblank labels are flagged because documentation differs across datasets.
pc11_pca_non_work_m,pc11r_pca_clean.dta; pc11u_pca_clean.dta; shrug_pc11_pca.dta,label,variable_label: Non-Workers - Male (pc11r_pca_clean.dta; pc11u_pca_clean.dta) | male non-workers (shrug_pc11_pca.dta; shrug_pc11_pca.dta),Choose one authoritative variable label or rename if labels imply different concepts.,Blank versus nonblank labels are flagged because documentation differs across datasets.
pc11_pca_non_work_p,pc11r_pca_clean.dta; pc11u_pca_clean.dta; shrug_pc11_pca.dta,label,variable_label: Non-Workers - Total (pc11r_pca_clean.dta; pc11u_pca_clean.dta) | total non-workers (shrug_pc11_pca.dta; shrug_pc11_pca.dta),Choose one authoritative variable label or rename if labels imply different concepts.,Blank versus nonblank labels are flagged because documentation differs across datasets.
pc11_pca_p_06,pc11r_pca_clean.dta; pc11u_pca_clean.dta; shrug_pc11_pca.dta,label,variable_label: Population (0-6) (pc11r_pca_clean.dta; pc11u_pca_clean.dta) | total population (0-6 years old) (shrug_pc11_pca.dta; shrug_pc11_pca.dta),Choose one authoritative variable label or rename if labels imply different concepts.,Blank versus nonblank labels are flagged because documentation differs across datasets.
pc11_pca_p_ill,pc11r_pca_clean.dta; pc11u_pca_clean.dta; shrug_pc11_pca.dta,label,variable_label: Illiterate Population Total (pc11r_pca_clean.dta; pc11u_pca_clean.dta) | total illiterate population (shrug_pc11_pca.dta; shrug_pc11_pca.dta),Choose one authoritative variable label or rename if labels imply different concepts.,Blank versus nonblank labels are flagged because documentation differs across datasets.
pc11_pca_p_lit,pc11r_pca_clean.dta; pc11u_pca_clean.dta; shrug_pc11_pca.dta,label,variable_label: Literate Population Total (pc11r_pca_clean.dta; pc11u_pca_clean.dta) | total literate population (shrug_pc11_pca.dta; shrug_pc11_pca.dta),Choose one authoritative variable label or rename if labels imply different concepts.,Blank versus nonblank labels are flagged because documentation differs across datasets.
pc11_pca_p_sc,pc11_pdf_shrid_key.dta; pc11r_pca_clean.dta; pc11u_pca_clean.dta; shrug_pc11_pca.dta,label,variable_label: Scheduled Castes Population Total (pc11_pdf_shrid_key.dta; pc11r_pca_clean.dta; pc11u_pca_clean.dta) | total scheduled castes population (shrug_pc11_pca.dta; shrug_pc11_pca.dta),Choose one authoritative variable label or rename if labels imply different concepts.,Blank versus nonblank labels are flagged because documentation differs across datasets.
pc11_pca_p_st,pc11_pdf_shrid_key.dta; pc11r_pca_clean.dta; pc11u_pca_clean.dta; shrug_pc11_pca.dta,label,variable_label: Scheduled Tribes Population Total (pc11_pdf_shrid_key.dta; pc11r_pca_clean.dta; pc11u_pca_clean.dta) | total scheduled tribes population (shrug_pc11_pca.dta; shrug_pc11_pca.dta),Choose one authoritative variable label or rename if labels imply different concepts.,Blank versus nonblank labels are flagged because documentation differs across datasets.
pc11_pca_tot_p,pc11_pdf_shrid_key.dta; pc11r_pca_clean.dta; pc11u_pca_clean.dta; segregation_citydata_rural_200.dta; segregation_citydata_urban_200.dta; segregation_citydata_urban_4000.dta; shrug_pc11_pca.dta,label,variable_label: (sum) pc11_pca_tot_p (segregation_citydata_rural_200.dta) | Total Population (pc11_pdf_shrid_key.dta; pc11r_pca_clean.dta; pc11u_pca_clean.dta) | total population (segregation_citydata_urban_200.dta; segregation_citydata_urban_4000.dta; shrug_pc11_pca.dta; shrug_pc11_pca.dta),Choose one authoritative variable label or rename if labels imply different concepts.,Blank versus nonblank labels are flagged because documentation differs across datasets.
pc11_pca_tot_work_f,pc11r_pca_clean.dta; pc11u_pca_clean.dta; shrug_pc11_pca.dta,label,variable_label: Total Workers - Female (pc11r_pca_clean.dta; pc11u_pca_clean.dta) | female workers (shrug_pc11_pca.dta; shrug_pc11_pca.dta),Choose one authoritative variable label or rename if labels imply different concepts.,Blank versus nonblank labels are flagged because documentation differs across datasets.
pc11_pca_tot_work_m,pc11r_pca_clean.dta; pc11u_pca_clean.dta; shrug_pc11_pca.dta,label,variable_label: Total Workers - Male (pc11r_pca_clean.dta; pc11u_pca_clean.dta) | male workers (shrug_pc11_pca.dta; shrug_pc11_pca.dta),Choose one authoritative variable label or rename if labels imply different concepts.,Blank versus nonblank labels are flagged because documentation differs across datasets.
pc11_pca_tot_work_p,pc11r_pca_clean.dta; pc11u_pca_clean.dta; shrug_pc11_pca.dta,label,variable_label: Total Workers - Total (pc11r_pca_clean.dta; pc11u_pca_clean.dta) | total workers (shrug_pc11_pca.dta; shrug_pc11_pca.dta),Choose one authoritative variable label or rename if labels imply different concepts.,Blank versus nonblank labels are flagged because documentation differs across datasets.
pc11_state_id,pc11_pdf_shrid_key.dta; pc11r_pca_clean.dta; pc11r_subdistrict_social_group.dta; pc11u_pca_clean.dta; pc11u_town_social_group.dta; seg_correlates.dta; segregation_blockdata_rural_200.dta; segregation_blockdata_rural_4000.dta; segregation_blockdata_urban_200.dta; segregation_blockdata_urban_4000.dta; segregation_citydata_rural_200.dta; segregation_citydata_urban_200.dta; segregation_citydata_urban_4000.dta; shrug_pc11_state_key.dta; shrug_pc11_subdistrict_key.dta,label,variable_label: 2011 state ID (segregation_blockdata_urban_200.dta; segregation_blockdata_urban_4000.dta) | 2011 state id (seg_correlates.dta; segregation_blockdata_rural_200.dta; segregation_blockdata_rural_4000.dta; segregation_citydata_rural_200.dta; segregation_citydata_urban_200.dta; segregation_citydata_urban_4000.dta; shrug_pc11_state_key.dta; shrug_pc11_subdistrict_key.dta) | State (pc11u_town_social_group.dta) | State ID (pc11_pdf_shrid_key.dta; pc11r_pca_clean.dt...,Choose one authoritative variable label or rename if labels imply different concepts.,Blank versus nonblank labels are flagged because documentation differs across datasets.
pc11_subdistrict_id,pc11_pdf_shrid_key.dta; pc11r_pca_clean.dta; pc11r_subdistrict_social_group.dta; pc11u_pca_clean.dta; pc11u_town_social_group.dta; segregation_blockdata_rural_200.dta; segregation_blockdata_rural_4000.dta; segregation_blockdata_urban_200.dta; segregation_blockdata_urban_4000.dta; segregation_citydata_rural_200.dta; segregation_citydata_urban_200.dta; segregation_citydata_urban_4000.dta; shrug_pc11_subdistrict_key.dta,label,variable_label: 2011 subdistrict ID (segregation_blockdata_urban_200.dta; segregation_blockdata_urban_4000.dta) | 2011 subdistrict id (segregation_blockdata_rural_200.dta; segregation_blockdata_rural_4000.dta; segregation_citydata_rural_200.dta; segregation_citydata_urban_200.dta; segregation_citydata_urban_4000.dta; shrug_pc11_subdistrict_key.dta) | Subdistrict (tehsil/taluk) ID (pc11_pdf_shrid_key.dta; pc11r_pca_clean.dta; pc11r_subdistrict_social_group.dta; pc11u_pca_cl...,Choose one authoritative variable label or rename if labels imply different concepts.,Blank versus nonblank labels are flagged because documentation differs across datasets.
pc11_tot_p,pc11r_subdistrict_social_group.dta; pc11u_town_social_group.dta; shrug_pc11_td.dta,label,"variable_label: Total Population (pc11r_subdistrict_social_group.dta) | Total TOT_P (pc11u_town_social_group.dta) | Total population, 2011 (shrug_pc11_td.dta)",Choose one authoritative variable label or rename if labels imply different concepts.,Blank versus nonblank labels are flagged because documentation differs across datasets.
pc11_town_id,pc11_pdf_shrid_key.dta; pc11u_pca_clean.dta; pc11u_town_social_group.dta; segregation_blockdata_urban_200.dta; segregation_blockdata_urban_4000.dta,label,variable_label: 2011 town ID (segregation_blockdata_urban_200.dta; segregation_blockdata_urban_4000.dta) | Town ID (pc11_pdf_shrid_key.dta; pc11u_pca_clean.dta) | Town/Village (pc11u_town_social_group.dta),Choose one authoritative variable label or rename if labels imply different concepts.,Blank versus nonblank labels are flagged because documentation differs across datasets.
pc11_vd_all_hosp,segregation_citydata_rural_200.dta; shrug_pc11_vd.dta,label,variable_label: (sum) pc11_vd_all_hosp (segregation_citydata_rural_200.dta) | Hospital Allopathic (Numbers) (shrug_pc11_vd.dta),Choose one authoritative variable label or rename if labels imply different concepts.,Blank versus nonblank labels are flagged because documentation differs across datasets.
pc11_vd_all_hosp_doc_tot,segregation_citydata_rural_200.dta; shrug_pc11_vd.dta,label,variable_label: (sum) pc11_vd_all_hosp_doc_tot (segregation_citydata_rural_200.dta) | Hospital Allopathic Doctors Total Strength (Numbers) (shrug_pc11_vd.dta),Choose one authoritative variable label or rename if labels imply different concepts.,Blank versus nonblank labels are flagged because documentation differs across datasets.
pc11_vd_area,segregation_citydata_rural_200.dta; shrug_pc11_vd.dta,label,variable_label: (sum) pc11_vd_area (segregation_citydata_rural_200.dta) | Total Geographical Area (in Hectares) (shrug_pc11_vd.dta),Choose one authoritative variable label or rename if labels imply different concepts.,Blank versus nonblank labels are flagged because documentation differs across datasets.
pc11_vd_m_sch,segregation_citydata_rural_200.dta; shrug_pc11_vd.dta,label,variable_label: (sum) pc11_vd_m_sch (segregation_citydata_rural_200.dta) | number of middle schools (shrug_pc11_vd.dta),Choose one authoritative variable label or rename if labels imply different concepts.,Blank versus nonblank labels are flagged because documentation differs across datasets.
pc11_vd_p_sch,segregation_citydata_rural_200.dta; shrug_pc11_vd.dta,label,variable_label: (sum) pc11_vd_p_sch (segregation_citydata_rural_200.dta) | number of primary schools (shrug_pc11_vd.dta),Choose one authoritative variable label or rename if labels imply different concepts.,Blank versus nonblank labels are flagged because documentation differs across datasets.
pc11_vd_p_sch_gov,segregation_citydata_rural_200.dta; shrug_pc11_vd.dta,label,variable_label: (sum) pc11_vd_p_sch_gov (segregation_citydata_rural_200.dta) | Govt Primary School (Numbers) (shrug_pc11_vd.dta),Choose one authoritative variable label or rename if labels imply different concepts.,Blank versus nonblank labels are flagged because documentation differs across datasets.
pc11_vd_p_sch_priv,segregation_citydata_rural_200.dta; shrug_pc11_vd.dta,label,variable_label: (sum) pc11_vd_p_sch_priv (segregation_citydata_rural_200.dta) | Private  Primary School (Numbers) (shrug_pc11_vd.dta),Choose one authoritative variable label or rename if labels imply different concepts.,Blank versus nonblank labels are flagged because documentation differs across datasets.
pc11_vd_s_sch,segregation_citydata_rural_200.dta; shrug_pc11_vd.dta,label,variable_label: (sum) pc11_vd_s_sch (segregation_citydata_rural_200.dta) | number of secondary schools (shrug_pc11_vd.dta),Choose one authoritative variable label or rename if labels imply different concepts.,Blank versus nonblank labels are flagged because documentation differs across datasets.
pc11_vd_s_sch_gov,segregation_citydata_rural_200.dta; shrug_pc11_vd.dta,label,variable_label: (sum) pc11_vd_s_sch_gov (segregation_citydata_rural_200.dta) | Govt  Secondary School (Numbers) (shrug_pc11_vd.dta),Choose one authoritative variable label or rename if labels imply different concepts.,Blank versus nonblank labels are flagged because documentation differs across datasets.
pc11_vd_sc_p,segregation_citydata_rural_200.dta; shrug_pc11_vd.dta,label,variable_label: (sum) pc11_vd_sc_p (segregation_citydata_rural_200.dta) | Total Scheduled Castes Population of Village (shrug_pc11_vd.dta),Choose one authoritative variable label or rename if labels imply different concepts.,Blank versus nonblank labels are flagged because documentation differs across datasets.
pc11_vd_st_p,segregation_citydata_rural_200.dta; shrug_pc11_vd.dta,label,variable_label: (sum) pc11_vd_st_p (segregation_citydata_rural_200.dta) | Total Scheduled Tribes Population of Village (shrug_pc11_vd.dta),Choose one authoritative variable label or rename if labels imply different concepts.,Blank versus nonblank labels are flagged because documentation differs across datasets.
pc11_vd_t_p,segregation_citydata_rural_200.dta; shrug_pc11_vd.dta,label,variable_label: (sum) pc11_vd_t_p (segregation_citydata_rural_200.dta) | Total Population of Village (shrug_pc11_vd.dta),Choose one authoritative variable label or rename if labels imply different concepts.,Blank versus nonblank labels are flagged because documentation differs across datasets.
pc11_village_id,pc11r_pca_clean.dta; segregation_blockdata_rural_200.dta; segregation_blockdata_rural_4000.dta,label,variable_label: 2011 village id (segregation_blockdata_rural_200.dta; segregation_blockdata_rural_4000.dta) | Village ID (pc11r_pca_clean.dta),Choose one authoritative variable label or rename if labels imply different concepts.,Blank versus nonblank labels are flagged because documentation differs across datasets.
pub,segregation_blockdata_rural_200.dta; segregation_blockdata_rural_4000.dta; segregation_blockdata_urban_200.dta; segregation_blockdata_urban_4000.dta; segregation_citydata_rural_200.dta; segregation_citydata_urban_200.dta; segregation_citydata_urban_4000.dta,label,variable_label: (nansum) (sum) own1 (segregation_blockdata_rural_200.dta; segregation_blockdata_rural_4000.dta; segregation_blockdata_urban_200.dta; segregation_blockdata_urban_4000.dta) | (sum) own1 (segregation_citydata_rural_200.dta; segregation_citydata_urban_200.dta; segregation_citydata_urban_4000.dta),Choose one authoritative variable label or rename if labels imply different concepts.,Blank versus nonblank labels are flagged because documentation differs across datasets.
sc,segregation_blockdata_rural_200.dta; segregation_blockdata_rural_4000.dta; segregation_blockdata_urban_200.dta; segregation_blockdata_urban_4000.dta; segregation_citydata_rural_200.dta; segregation_citydata_urban_200.dta; segregation_citydata_urban_4000.dta,label,variable_label: (nansum) (nansum) sc (segregation_blockdata_urban_200.dta; segregation_blockdata_urban_4000.dta) | SC count (segregation_citydata_rural_200.dta; segregation_citydata_urban_200.dta; segregation_citydata_urban_4000.dta) | Total population count sc (segregation_blockdata_rural_200.dta; segregation_blockdata_rural_4000.dta),Choose one authoritative variable label or rename if labels imply different concepts.,Blank versus nonblank labels are flagged because documentation differs across datasets.
sc_share,segregation_blockdata_rural_200.dta; segregation_blockdata_rural_4000.dta; segregation_blockdata_urban_200.dta; segregation_blockdata_urban_4000.dta; segregation_citydata_rural_200.dta; segregation_citydata_urban_200.dta; segregation_citydata_urban_4000.dta,label,variable_label: <blank> (segregation_blockdata_urban_200.dta; segregation_blockdata_urban_4000.dta) | SC Share in neighborhood (segregation_blockdata_rural_200.dta; segregation_blockdata_rural_4000.dta) | SC share (subdistrict) (segregation_citydata_rural_200.dta) | SC share (town) (segregation_citydata_urban_200.dta; segregation_citydata_urban_4000.dta),Choose one authoritative variable label or rename if labels imply different concepts.,Blank versus nonblank labels are flagged because documentation differs across datasets.
shrid,pc01_pdf_shrid_key.dta; pc11_muslims_urban.dta; pc11_pdf_shrid_key.dta; seg_correlates.dta; segregation_blockdata_rural_200.dta; segregation_blockdata_rural_4000.dta; segregation_blockdata_urban_200.dta; segregation_blockdata_urban_4000.dta; segregation_citydata_urban_200.dta; segregation_citydata_urban_4000.dta; shrug_names.dta; shrug_pc01u_key.dta; shrug_pc11_pca.dta; shrug_pc11_state_key.dta; shrug_pc11_subdistrict_key.dta; shrug_pc11_td.dta; shrug_pc11_vd.dta; shrug_spatial.dta,label,variable_label: <blank> (seg_correlates.dta; segregation_citydata_urban_200.dta; segregation_citydata_urban_4000.dta) | SHRUG Identifier (pc01_pdf_shrid_key.dta; pc11_muslims_urban.dta; pc11_pdf_shrid_key.dta; segregation_blockdata_rural_200.dta; segregation_blockdata_rural_4000.dta; segregation_blockdata_urban_200.dta; segregation_blockdata_urban_4000.dta; shrug_names.dta; shrug_pc01u_key.dta; shrug_pc11_pca.dta; shrug_pc11_pca.dta; shrug_pc11_state_key.dta; shrug_pc11_su...,Choose one authoritative variable label or rename if labels imply different concepts.,Blank versus nonblank labels are flagged because documentation differs across datasets.
slum,seg_correlates.dta; segregation_blockdata_urban_200.dta; segregation_blockdata_urban_4000.dta; segregation_citydata_urban_200.dta; segregation_citydata_urban_4000.dta,label,variable_label: (first) (mean) slum & non-slum (segregation_blockdata_urban_200.dta; segregation_blockdata_urban_4000.dta) | (mean) (mean) slum & non-slum (seg_correlates.dta; segregation_citydata_urban_200.dta; segregation_citydata_urban_4000.dta),Choose one authoritative variable label or rename if labels imply different concepts.,Blank versus nonblank labels are flagged because documentation differs across datasets.
subdistrict,pc11_muslims_rural.dta; segregation_blockdata_rural_200.dta; segregation_blockdata_rural_4000.dta; segregation_citydata_rural_200.dta,label,variable_label: <blank> (pc11_muslims_rural.dta; segregation_blockdata_rural_200.dta; segregation_blockdata_rural_4000.dta) | Subdistrict (upper) control (segregation_citydata_rural_200.dta),Choose one authoritative variable label or rename if labels imply different concepts.,Blank versus nonblank labels are flagged because documentation differs across datasets.
town,pc11_muslims_urban.dta; segregation_blockdata_urban_200.dta; segregation_blockdata_urban_4000.dta; segregation_citydata_urban_200.dta; segregation_citydata_urban_4000.dta,label,variable_label: <blank> (pc11_muslims_urban.dta; segregation_blockdata_urban_200.dta; segregation_blockdata_urban_4000.dta) | town (upper) control (segregation_citydata_urban_200.dta; segregation_citydata_urban_4000.dta),Choose one authoritative variable label or rename if labels imply different concepts.,Blank versus nonblank labels are flagged because documentation differs across datasets.
tpop_b,us_tpop_b.dta; us_tract_pop.dta,label,variable_label: (firstnm) tpop_b (us_tpop_b.dta) | <blank> (us_tract_pop.dta),Choose one authoritative variable label or rename if labels imply different concepts.,Blank versus nonblank labels are flagged because documentation differs across datasets.
wat_source_home,segregation_blockdata_urban_200.dta; segregation_blockdata_urban_4000.dta; segregation_citydata_urban_200.dta; segregation_citydata_urban_4000.dta,label,variable_label: (first) (mean) wat_source_home (segregation_blockdata_urban_200.dta; segregation_blockdata_urban_4000.dta) | (mean) (mean) wat_source_home (segregation_citydata_urban_200.dta; segregation_citydata_urban_4000.dta),Choose one authoritative variable label or rename if labels imply different concepts.,Blank versus nonblank labels are flagged because documentation differs across datasets.
wat_source_home_muslim,segregation_blockdata_urban_200.dta; segregation_blockdata_urban_4000.dta; segregation_citydata_urban_200.dta; segregation_citydata_urban_4000.dta,label,variable_label: (first) (mean) wat_source_home_muslim (segregation_blockdata_urban_200.dta; segregation_blockdata_urban_4000.dta) | (mean) (mean) wat_source_home_muslim (segregation_citydata_urban_200.dta; segregation_citydata_urban_4000.dta),Choose one authoritative variable label or rename if labels imply different concepts.,Blank versus nonblank labels are flagged because documentation differs across datasets.
wat_source_home_nonmuslim,segregation_blockdata_urban_200.dta; segregation_blockdata_urban_4000.dta; segregation_citydata_urban_200.dta; segregation_citydata_urban_4000.dta,label,variable_label: (first) (mean) wat_source_home_nonmuslim (segregation_blockdata_urban_200.dta; segregation_blockdata_urban_4000.dta) | (mean) (mean) wat_source_home_nonmuslim (segregation_citydata_urban_200.dta; segregation_citydata_urban_4000.dta),Choose one authoritative variable label or rename if labels imply different concepts.,Blank versus nonblank labels are flagged because documentation differs across datasets.
wat_source_home_nonsc,segregation_blockdata_urban_200.dta; segregation_blockdata_urban_4000.dta; segregation_citydata_urban_200.dta; segregation_citydata_urban_4000.dta,label,variable_label: (first) (mean) wat_source_home_nonsc (segregation_blockdata_urban_200.dta; segregation_blockdata_urban_4000.dta) | (mean) (mean) wat_source_home_nonsc (segregation_citydata_urban_200.dta; segregation_citydata_urban_4000.dta),Choose one authoritative variable label or rename if labels imply different concepts.,Blank versus nonblank labels are flagged because documentation differs across datasets.
wat_source_home_nonscmuslim,segregation_blockdata_urban_200.dta; segregation_blockdata_urban_4000.dta; segregation_citydata_urban_200.dta; segregation_citydata_urban_4000.dta,label,variable_label: (first) (mean) wat_source_home_nonscmuslim (segregation_blockdata_urban_200.dta; segregation_blockdata_urban_4000.dta) | (mean) (mean) wat_source_home_nonscmuslim (segregation_citydata_urban_200.dta; segregation_citydata_urban_4000.dta),Choose one authoritative variable label or rename if labels imply different concepts.,Blank versus nonblank labels are flagged because documentation differs across datasets.
wat_source_home_sc,segregation_blockdata_urban_200.dta; segregation_blockdata_urban_4000.dta; segregation_citydata_urban_200.dta; segregation_citydata_urban_4000.dta,label,variable_label: (first) (mean) wat_source_home_sc (segregation_blockdata_urban_200.dta; segregation_blockdata_urban_4000.dta) | (mean) (mean) wat_source_home_sc (segregation_citydata_urban_200.dta; segregation_citydata_urban_4000.dta),Choose one authoritative variable label or rename if labels imply different concepts.,Blank versus nonblank labels are flagged because documentation differs across datasets.
_m_growth; _m_mobility; _m_rural_gini; _m_town_gini; _m_violence,seg_correlates.dta,conceptual,normalized label 'matching result from merge' appears under variables: _m_growth; _m_mobility; _m_rural_gini; _m_town_gini; _m_violence,"Consider one unified name, e.g. _m_growth, if the concepts match.",Heuristic label match; confirm context before renaming.
cbsatitle; msa_id,msa_tract_race_pop.dta; us_census_msa_dissim.dta,conceptual,normalized label 'label grouping' appears under variables: cbsatitle; msa_id,"Consider one unified name, e.g. cbsatitle, if the concepts match.",Heuristic label match; confirm context before renaming.
city_log_pop; log_city_pop,segregation_citydata_rural_200.dta; segregation_citydata_urban_200.dta; segregation_citydata_urban_4000.dta,conceptual,normalized label 'log city population' appears under variables: city_log_pop; log_city_pop,"Consider one unified name, e.g. city_log_pop, if the concepts match.",Heuristic label match; confirm context before renaming.
hh; pc01_pca_no_hh; pc11_pca_no_hh,pc01u_pca_clean.dta; pc11r_pca_clean.dta; pc11u_pca_clean.dta; segregation_blockdata_rural_200.dta; segregation_blockdata_rural_4000.dta; segregation_citydata_rural_200.dta; segregation_citydata_urban_200.dta; segregation_citydata_urban_4000.dta; shrug_pc11_pca.dta,conceptual,normalized label 'number of households' appears under variables: hh; pc01_pca_no_hh; pc11_pca_no_hh,"Consider one unified name, e.g. hh, if the concepts match.",Heuristic label match; confirm context before renaming.
msa_dissim_bw_census; msa_dissim_us_census,msa_tract_race_pop.dta,conceptual,normalized label 'dissimilarity us black' appears under variables: msa_dissim_bw_census; msa_dissim_us_census,"Consider one unified name, e.g. msa_dissim_bw_census, if the concepts match.",Heuristic label match; confirm context before renaming.
msa_iso_bw_census; msa_iso_us_census,msa_tract_race_pop.dta,conceptual,normalized label 'isolation us black' appears under variables: msa_iso_bw_census; msa_iso_us_census,"Consider one unified name, e.g. msa_iso_bw_census, if the concepts match.",Heuristic label match; confirm context before renaming.
msa_iso_bw_census_rescaled; msa_iso_us_census_rescaled,msa_tract_race_pop.dta,conceptual,normalized label 'rescaled isolation 0 1 us black' appears under variables: msa_iso_bw_census_rescaled; msa_iso_us_census_rescaled,"Consider one unified name, e.g. msa_iso_bw_census_rescaled, if the concepts match.",Heuristic label match; confirm context before renaming.
muslim_pop_share; muslim_share,seg_correlates.dta; segregation_citydata_urban_200.dta; segregation_citydata_urban_4000.dta,conceptual,normalized label 'muslim share town' appears under variables: muslim_pop_share; muslim_share,"Consider one unified name, e.g. muslim_pop_share, if the concepts match.",Heuristic label match; confirm context before renaming.
nonscmuslim_pop_share; nonscmuslim_share,seg_correlates.dta; segregation_citydata_urban_200.dta; segregation_citydata_urban_4000.dta,conceptual,normalized label 'other share town' appears under variables: nonscmuslim_pop_share; nonscmuslim_share,"Consider one unified name, e.g. nonscmuslim_pop_share, if the concepts match.",Heuristic label match; confirm context before renaming.
pc01_district_id; pc11_district_id,pc01_pdf_shrid_key.dta; pc01u_pca_clean.dta; pc11_pdf_shrid_key.dta; pc11r_pca_clean.dta; pc11r_subdistrict_social_group.dta; pc11u_pca_clean.dta,conceptual,normalized label 'district id' appears under variables: pc01_district_id; pc11_district_id,"Consider one unified name, e.g. pc01_district_id, if the concepts match.",Heuristic label match; confirm context before renaming.
pc01_pca_f_06; pc11_pca_f_06,pc01u_pca_clean.dta; pc11r_pca_clean.dta; pc11u_pca_clean.dta,conceptual,normalized label 'female population 0 6' appears under variables: pc01_pca_f_06; pc11_pca_f_06,"Consider one unified name, e.g. pc01_pca_f_06, if the concepts match.",Heuristic label match; confirm context before renaming.
pc01_pca_f_ill; pc11_pca_f_ill,pc01u_pca_clean.dta; pc11r_pca_clean.dta; pc11u_pca_clean.dta,conceptual,normalized label 'illiterate population female' appears under variables: pc01_pca_f_ill; pc11_pca_f_ill,"Consider one unified name, e.g. pc01_pca_f_ill, if the concepts match.",Heuristic label match; confirm context before renaming.
pc01_pca_f_lit; pc11_pca_f_lit,pc01u_pca_clean.dta; pc11r_pca_clean.dta; pc11u_pca_clean.dta,conceptual,normalized label 'literate population female' appears under variables: pc01_pca_f_lit; pc11_pca_f_lit,"Consider one unified name, e.g. pc01_pca_f_lit, if the concepts match.",Heuristic label match; confirm context before renaming.
pc01_pca_f_sc; pc11_pca_f_sc,pc01u_pca_clean.dta; pc11r_pca_clean.dta; pc11u_pca_clean.dta,conceptual,normalized label 'scheduled castes population female' appears under variables: pc01_pca_f_sc; pc11_pca_f_sc,"Consider one unified name, e.g. pc01_pca_f_sc, if the concepts match.",Heuristic label match; confirm context before renaming.
pc01_pca_f_st; pc11_pca_f_st,pc01u_pca_clean.dta; pc11r_pca_clean.dta; pc11u_pca_clean.dta,conceptual,normalized label 'scheduled tribes population female' appears under variables: pc01_pca_f_st; pc11_pca_f_st,"Consider one unified name, e.g. pc01_pca_f_st, if the concepts match.",Heuristic label match; confirm context before renaming.
pc01_pca_m_06; pc11_pca_m_06,pc01u_pca_clean.dta; pc11r_pca_clean.dta; pc11u_pca_clean.dta,conceptual,normalized label 'male population 0 6' appears under variables: pc01_pca_m_06; pc11_pca_m_06,"Consider one unified name, e.g. pc01_pca_m_06, if the concepts match.",Heuristic label match; confirm context before renaming.
pc01_pca_m_ill; pc11_pca_m_ill,pc01u_pca_clean.dta; pc11r_pca_clean.dta; pc11u_pca_clean.dta,conceptual,normalized label 'illiterate population male' appears under variables: pc01_pca_m_ill; pc11_pca_m_ill,"Consider one unified name, e.g. pc01_pca_m_ill, if the concepts match.",Heuristic label match; confirm context before renaming.
pc01_pca_m_lit; pc11_pca_m_lit,pc01u_pca_clean.dta; pc11r_pca_clean.dta; pc11u_pca_clean.dta,conceptual,normalized label 'literate population male' appears under variables: pc01_pca_m_lit; pc11_pca_m_lit,"Consider one unified name, e.g. pc01_pca_m_lit, if the concepts match.",Heuristic label match; confirm context before renaming.
pc01_pca_m_sc; pc11_pca_m_sc,pc01u_pca_clean.dta; pc11r_pca_clean.dta; pc11u_pca_clean.dta,conceptual,normalized label 'scheduled castes population male' appears under variables: pc01_pca_m_sc; pc11_pca_m_sc,"Consider one unified name, e.g. pc01_pca_m_sc, if the concepts match.",Heuristic label match; confirm context before renaming.
pc01_pca_m_st; pc11_pca_m_st,pc01u_pca_clean.dta; pc11r_pca_clean.dta; pc11u_pca_clean.dta,conceptual,normalized label 'scheduled tribes population male' appears under variables: pc01_pca_m_st; pc11_pca_m_st,"Consider one unified name, e.g. pc01_pca_m_st, if the concepts match.",Heuristic label match; confirm context before renaming.
pc01_pca_main_al_f; pc11_pca_main_al_f,pc01u_pca_clean.dta; pc11r_pca_clean.dta; pc11u_pca_clean.dta,conceptual,normalized label 'agricultural labourers female' appears under variables: pc01_pca_main_al_f; pc11_pca_main_al_f,"Consider one unified name, e.g. pc01_pca_main_al_f, if the concepts match.",Heuristic label match; confirm context before renaming.
pc01_pca_main_al_m; pc11_pca_main_al_m,pc01u_pca_clean.dta; pc11r_pca_clean.dta; pc11u_pca_clean.dta,conceptual,normalized label 'agricultural labourers male' appears under variables: pc01_pca_main_al_m; pc11_pca_main_al_m,"Consider one unified name, e.g. pc01_pca_main_al_m, if the concepts match.",Heuristic label match; confirm context before renaming.
pc01_pca_main_al_p; pc11_pca_main_al_p,pc01u_pca_clean.dta; pc11r_pca_clean.dta; pc11u_pca_clean.dta,conceptual,normalized label 'agricultural labourers total' appears under variables: pc01_pca_main_al_p; pc11_pca_main_al_p,"Consider one unified name, e.g. pc01_pca_main_al_p, if the concepts match.",Heuristic label match; confirm context before renaming.
pc01_pca_main_cl_f; pc11_pca_main_cl_f,pc01u_pca_clean.dta; pc11r_pca_clean.dta; pc11u_pca_clean.dta,conceptual,normalized label 'cultivators female' appears under variables: pc01_pca_main_cl_f; pc11_pca_main_cl_f,"Consider one unified name, e.g. pc01_pca_main_cl_f, if the concepts match.",Heuristic label match; confirm context before renaming.
pc01_pca_main_cl_m; pc11_pca_main_cl_m,pc01u_pca_clean.dta; pc11r_pca_clean.dta; pc11u_pca_clean.dta,conceptual,normalized label 'cultivators male' appears under variables: pc01_pca_main_cl_m; pc11_pca_main_cl_m,"Consider one unified name, e.g. pc01_pca_main_cl_m, if the concepts match.",Heuristic label match; confirm context before renaming.
pc01_pca_main_cl_p; pc11_pca_main_cl_p,pc01u_pca_clean.dta; pc11r_pca_clean.dta; pc11u_pca_clean.dta,conceptual,normalized label 'cultivators total' appears under variables: pc01_pca_main_cl_p; pc11_pca_main_cl_p,"Consider one unified name, e.g. pc01_pca_main_cl_p, if the concepts match.",Heuristic label match; confirm context before renaming.
pc01_pca_main_hh_f; pc11_pca_main_hh_f,pc01u_pca_clean.dta; pc11r_pca_clean.dta; pc11u_pca_clean.dta,conceptual,normalized label 'manufacturing and processing in household industries female' appears under variables: pc01_pca_main_hh_f; pc11_pca_main_hh_f,"Consider one unified name, e.g. pc01_pca_main_hh_f, if the concepts match.",Heuristic label match; confirm context before renaming.
pc01_pca_main_hh_m; pc11_pca_main_hh_m,pc01u_pca_clean.dta; pc11r_pca_clean.dta; pc11u_pca_clean.dta,conceptual,normalized label 'manufacturing and processing in household industries male' appears under variables: pc01_pca_main_hh_m; pc11_pca_main_hh_m,"Consider one unified name, e.g. pc01_pca_main_hh_m, if the concepts match.",Heuristic label match; confirm context before renaming.
pc01_pca_main_hh_p; pc11_pca_main_hh_p,pc01u_pca_clean.dta; pc11r_pca_clean.dta; pc11u_pca_clean.dta,conceptual,normalized label 'manufacturing and processing in household industries total' appears under variables: pc01_pca_main_hh_p; pc11_pca_main_hh_p,"Consider one unified name, e.g. pc01_pca_main_hh_p, if the concepts match.",Heuristic label match; confirm context before renaming.
pc01_pca_main_ot_f; pc11_pca_main_ot_f,pc01u_pca_clean.dta; pc11r_pca_clean.dta; pc11u_pca_clean.dta,conceptual,normalized label 'other services workers female' appears under variables: pc01_pca_main_ot_f; pc11_pca_main_ot_f,"Consider one unified name, e.g. pc01_pca_main_ot_f, if the concepts match.",Heuristic label match; confirm context before renaming.
pc01_pca_main_ot_m; pc11_pca_main_ot_m,pc01u_pca_clean.dta; pc11r_pca_clean.dta; pc11u_pca_clean.dta,conceptual,normalized label 'other services workers male' appears under variables: pc01_pca_main_ot_m; pc11_pca_main_ot_m,"Consider one unified name, e.g. pc01_pca_main_ot_m, if the concepts match.",Heuristic label match; confirm context before renaming.
pc01_pca_main_ot_p; pc11_pca_main_ot_p,pc01u_pca_clean.dta; pc11r_pca_clean.dta; pc11u_pca_clean.dta,conceptual,normalized label 'other services workers total' appears under variables: pc01_pca_main_ot_p; pc11_pca_main_ot_p,"Consider one unified name, e.g. pc01_pca_main_ot_p, if the concepts match.",Heuristic label match; confirm context before renaming.
pc01_pca_mainwork_f; pc11_pca_mainwork_f,pc01u_pca_clean.dta; pc11r_pca_clean.dta; pc11u_pca_clean.dta,conceptual,normalized label 'main workers female' appears under variables: pc01_pca_mainwork_f; pc11_pca_mainwork_f,"Consider one unified name, e.g. pc01_pca_mainwork_f, if the concepts match.",Heuristic label match; confirm context before renaming.
pc01_pca_mainwork_m; pc11_pca_mainwork_m,pc01u_pca_clean.dta; pc11r_pca_clean.dta; pc11u_pca_clean.dta,conceptual,normalized label 'main workers male' appears under variables: pc01_pca_mainwork_m; pc11_pca_mainwork_m,"Consider one unified name, e.g. pc01_pca_mainwork_m, if the concepts match.",Heuristic label match; confirm context before renaming.
pc01_pca_mainwork_p; pc11_pca_mainwork_p,pc01u_pca_clean.dta; pc11r_pca_clean.dta; pc11u_pca_clean.dta,conceptual,normalized label 'main workers total' appears under variables: pc01_pca_mainwork_p; pc11_pca_mainwork_p,"Consider one unified name, e.g. pc01_pca_mainwork_p, if the concepts match.",Heuristic label match; confirm context before renaming.
pc01_pca_marg_al_f; pc11_pca_marg_al_f,pc01u_pca_clean.dta; pc11r_pca_clean.dta; pc11u_pca_clean.dta,conceptual,normalized label 'marginal agricultural labourers female' appears under variables: pc01_pca_marg_al_f; pc11_pca_marg_al_f,"Consider one unified name, e.g. pc01_pca_marg_al_f, if the concepts match.",Heuristic label match; confirm context before renaming.
pc01_pca_marg_al_m; pc11_pca_marg_al_m,pc01u_pca_clean.dta; pc11r_pca_clean.dta; pc11u_pca_clean.dta,conceptual,normalized label 'marginal agricultural labourers male' appears under variables: pc01_pca_marg_al_m; pc11_pca_marg_al_m,"Consider one unified name, e.g. pc01_pca_marg_al_m, if the concepts match.",Heuristic label match; confirm context before renaming.
pc01_pca_marg_al_p; pc11_pca_marg_al_p,pc01u_pca_clean.dta; pc11r_pca_clean.dta; pc11u_pca_clean.dta,conceptual,normalized label 'marginal agricultural labourers total' appears under variables: pc01_pca_marg_al_p; pc11_pca_marg_al_p,"Consider one unified name, e.g. pc01_pca_marg_al_p, if the concepts match.",Heuristic label match; confirm context before renaming.
pc01_pca_marg_cl_f; pc11_pca_marg_cl_f,pc01u_pca_clean.dta; pc11r_pca_clean.dta; pc11u_pca_clean.dta,conceptual,normalized label 'marginal cultivators female' appears under variables: pc01_pca_marg_cl_f; pc11_pca_marg_cl_f,"Consider one unified name, e.g. pc01_pca_marg_cl_f, if the concepts match.",Heuristic label match; confirm context before renaming.
pc01_pca_marg_cl_m; pc11_pca_marg_cl_m,pc01u_pca_clean.dta; pc11r_pca_clean.dta; pc11u_pca_clean.dta,conceptual,normalized label 'marginal cultivators male' appears under variables: pc01_pca_marg_cl_m; pc11_pca_marg_cl_m,"Consider one unified name, e.g. pc01_pca_marg_cl_m, if the concepts match.",Heuristic label match; confirm context before renaming.
pc01_pca_marg_cl_p; pc11_pca_marg_cl_p,pc01u_pca_clean.dta; pc11r_pca_clean.dta; pc11u_pca_clean.dta,conceptual,normalized label 'marginal cultivators total' appears under variables: pc01_pca_marg_cl_p; pc11_pca_marg_cl_p,"Consider one unified name, e.g. pc01_pca_marg_cl_p, if the concepts match.",Heuristic label match; confirm context before renaming.
pc01_pca_marg_hh_f; pc11_pca_marg_hh_f,pc01u_pca_clean.dta; pc11r_pca_clean.dta; pc11u_pca_clean.dta,conceptual,normalized label 'marginal household industries female' appears under variables: pc01_pca_marg_hh_f; pc11_pca_marg_hh_f,"Consider one unified name, e.g. pc01_pca_marg_hh_f, if the concepts match.",Heuristic label match; confirm context before renaming.
pc01_pca_marg_hh_m; pc11_pca_marg_hh_m,pc01u_pca_clean.dta; pc11r_pca_clean.dta; pc11u_pca_clean.dta,conceptual,normalized label 'marginal household industries male' appears under variables: pc01_pca_marg_hh_m; pc11_pca_marg_hh_m,"Consider one unified name, e.g. pc01_pca_marg_hh_m, if the concepts match.",Heuristic label match; confirm context before renaming.
pc01_pca_marg_hh_p; pc11_pca_marg_hh_p,pc01u_pca_clean.dta; pc11r_pca_clean.dta; pc11u_pca_clean.dta,conceptual,normalized label 'marginal household industries total' appears under variables: pc01_pca_marg_hh_p; pc11_pca_marg_hh_p,"Consider one unified name, e.g. pc01_pca_marg_hh_p, if the concepts match.",Heuristic label match; confirm context before renaming.
pc01_pca_marg_ot_f; pc11_pca_marg_ot_f,pc01u_pca_clean.dta; pc11r_pca_clean.dta; pc11u_pca_clean.dta,conceptual,normalized label 'marginal other services workers female' appears under variables: pc01_pca_marg_ot_f; pc11_pca_marg_ot_f,"Consider one unified name, e.g. pc01_pca_marg_ot_f, if the concepts match.",Heuristic label match; confirm context before renaming.
pc01_pca_marg_ot_m; pc11_pca_marg_ot_m,pc01u_pca_clean.dta; pc11r_pca_clean.dta; pc11u_pca_clean.dta,conceptual,normalized label 'marginal other services workers male' appears under variables: pc01_pca_marg_ot_m; pc11_pca_marg_ot_m,"Consider one unified name, e.g. pc01_pca_marg_ot_m, if the concepts match.",Heuristic label match; confirm context before renaming.
pc01_pca_marg_ot_p; pc11_pca_marg_ot_p,pc01u_pca_clean.dta; pc11r_pca_clean.dta; pc11u_pca_clean.dta,conceptual,normalized label 'marginal other services workers total' appears under variables: pc01_pca_marg_ot_p; pc11_pca_marg_ot_p,"Consider one unified name, e.g. pc01_pca_marg_ot_p, if the concepts match.",Heuristic label match; confirm context before renaming.
pc01_pca_margwork_f; pc11_pca_margwork_f,pc01u_pca_clean.dta; pc11r_pca_clean.dta; pc11u_pca_clean.dta,conceptual,normalized label 'marginal workers female' appears under variables: pc01_pca_margwork_f; pc11_pca_margwork_f,"Consider one unified name, e.g. pc01_pca_margwork_f, if the concepts match.",Heuristic label match; confirm context before renaming.
pc01_pca_margwork_m; pc11_pca_margwork_m,pc01u_pca_clean.dta; pc11r_pca_clean.dta; pc11u_pca_clean.dta,conceptual,normalized label 'marginal workers male' appears under variables: pc01_pca_margwork_m; pc11_pca_margwork_m,"Consider one unified name, e.g. pc01_pca_margwork_m, if the concepts match.",Heuristic label match; confirm context before renaming.
pc01_pca_margwork_p; pc11_pca_margwork_p,pc01u_pca_clean.dta; pc11r_pca_clean.dta; pc11u_pca_clean.dta,conceptual,normalized label 'marginal workers total' appears under variables: pc01_pca_margwork_p; pc11_pca_margwork_p,"Consider one unified name, e.g. pc01_pca_margwork_p, if the concepts match.",Heuristic label match; confirm context before renaming.
pc01_pca_non_work_f; pc11_pca_non_work_f,pc01u_pca_clean.dta; pc11r_pca_clean.dta; pc11u_pca_clean.dta,conceptual,normalized label 'non workers female' appears under variables: pc01_pca_non_work_f; pc11_pca_non_work_f,"Consider one unified name, e.g. pc01_pca_non_work_f, if the concepts match.",Heuristic label match; confirm context before renaming.
pc01_pca_non_work_m; pc11_pca_non_work_m,pc01u_pca_clean.dta; pc11r_pca_clean.dta; pc11u_pca_clean.dta,conceptual,normalized label 'non workers male' appears under variables: pc01_pca_non_work_m; pc11_pca_non_work_m,"Consider one unified name, e.g. pc01_pca_non_work_m, if the concepts match.",Heuristic label match; confirm context before renaming.
pc01_pca_non_work_p; pc11_pca_non_work_p,pc01u_pca_clean.dta; pc11r_pca_clean.dta; pc11u_pca_clean.dta,conceptual,normalized label 'non workers total' appears under variables: pc01_pca_non_work_p; pc11_pca_non_work_p,"Consider one unified name, e.g. pc01_pca_non_work_p, if the concepts match.",Heuristic label match; confirm context before renaming.
pc01_pca_p_06; pc11_pca_p_06,pc01u_pca_clean.dta; pc11r_pca_clean.dta; pc11u_pca_clean.dta,conceptual,normalized label 'population 0 6' appears under variables: pc01_pca_p_06; pc11_pca_p_06,"Consider one unified name, e.g. pc01_pca_p_06, if the concepts match.",Heuristic label match; confirm context before renaming.
pc01_pca_p_ill; pc11_pca_p_ill,pc01u_pca_clean.dta; pc11r_pca_clean.dta; pc11u_pca_clean.dta,conceptual,normalized label 'illiterate population total' appears under variables: pc01_pca_p_ill; pc11_pca_p_ill,"Consider one unified name, e.g. pc01_pca_p_ill, if the concepts match.",Heuristic label match; confirm context before renaming.
pc01_pca_p_lit; pc11_pca_p_lit,pc01u_pca_clean.dta; pc11r_pca_clean.dta; pc11u_pca_clean.dta,conceptual,normalized label 'literate population total' appears under variables: pc01_pca_p_lit; pc11_pca_p_lit,"Consider one unified name, e.g. pc01_pca_p_lit, if the concepts match.",Heuristic label match; confirm context before renaming.
pc01_pca_p_sc; pc11_p_sc; pc11_pca_p_sc,pc01_pdf_shrid_key.dta; pc01u_pca_clean.dta; pc11_pdf_shrid_key.dta; pc11r_pca_clean.dta; pc11r_subdistrict_social_group.dta; pc11u_pca_clean.dta,conceptual,normalized label 'scheduled castes population total' appears under variables: pc01_pca_p_sc; pc11_p_sc; pc11_pca_p_sc,"Consider one unified name, e.g. pc01_pca_p_sc, if the concepts match.",Heuristic label match; confirm context before renaming.
pc01_pca_p_st; pc11_p_st; pc11_pca_p_st,pc01_pdf_shrid_key.dta; pc01u_pca_clean.dta; pc11_pdf_shrid_key.dta; pc11r_pca_clean.dta; pc11r_subdistrict_social_group.dta; pc11u_pca_clean.dta,conceptual,normalized label 'scheduled tribes population total' appears under variables: pc01_pca_p_st; pc11_p_st; pc11_pca_p_st,"Consider one unified name, e.g. pc01_pca_p_st, if the concepts match.",Heuristic label match; confirm context before renaming.
pc01_pca_tot_f; pc11_pca_tot_f,pc01u_pca_clean.dta; pc11r_pca_clean.dta; pc11u_pca_clean.dta; shrug_pc11_pca.dta,conceptual,normalized label 'female population' appears under variables: pc01_pca_tot_f; pc11_pca_tot_f,"Consider one unified name, e.g. pc01_pca_tot_f, if the concepts match.",Heuristic label match; confirm context before renaming.
pc01_pca_tot_m; pc11_pca_tot_m,pc01u_pca_clean.dta; pc11r_pca_clean.dta; pc11u_pca_clean.dta; shrug_pc11_pca.dta,conceptual,normalized label 'male population' appears under variables: pc01_pca_tot_m; pc11_pca_tot_m,"Consider one unified name, e.g. pc01_pca_tot_m, if the concepts match.",Heuristic label match; confirm context before renaming.
pc01_pca_tot_p; pc11_pca_tot_p; pc11_tot_p,pc01_hb_eb_pop.dta; pc01_pdf_shrid_key.dta; pc01u_pca_clean.dta; pc11_pdf_shrid_key.dta; pc11r_pca_clean.dta; pc11r_subdistrict_social_group.dta; pc11u_pca_clean.dta; segregation_citydata_urban_200.dta; segregation_citydata_urban_4000.dta; shrug_pc11_pca.dta,conceptual,normalized label 'total population' appears under variables: pc01_pca_tot_p; pc11_pca_tot_p; pc11_tot_p,"Consider one unified name, e.g. pc01_pca_tot_p, if the concepts match.",Heuristic label match; confirm context before renaming.
pc01_pca_tot_work_f; pc11_pca_tot_work_f,pc01u_pca_clean.dta; pc11r_pca_clean.dta; pc11u_pca_clean.dta,conceptual,normalized label 'total workers female' appears under variables: pc01_pca_tot_work_f; pc11_pca_tot_work_f,"Consider one unified name, e.g. pc01_pca_tot_work_f, if the concepts match.",Heuristic label match; confirm context before renaming.
pc01_pca_tot_work_m; pc11_pca_tot_work_m,pc01u_pca_clean.dta; pc11r_pca_clean.dta; pc11u_pca_clean.dta,conceptual,normalized label 'total workers male' appears under variables: pc01_pca_tot_work_m; pc11_pca_tot_work_m,"Consider one unified name, e.g. pc01_pca_tot_work_m, if the concepts match.",Heuristic label match; confirm context before renaming.
pc01_pca_tot_work_p; pc11_pca_tot_work_p,pc01u_pca_clean.dta; pc11r_pca_clean.dta; pc11u_pca_clean.dta,conceptual,normalized label 'total workers total' appears under variables: pc01_pca_tot_work_p; pc11_pca_tot_work_p,"Consider one unified name, e.g. pc01_pca_tot_work_p, if the concepts match.",Heuristic label match; confirm context before renaming.
pc01_pca_town_name; pc11_town_name,pc01_pdf_shrid_key.dta; pc01u_pca_clean.dta; pc11_pdf_shrid_key.dta; pc11u_pca_clean.dta,conceptual,normalized label 'town name' appears under variables: pc01_pca_town_name; pc11_town_name,"Consider one unified name, e.g. pc01_pca_town_name, if the concepts match.",Heuristic label match; confirm context before renaming.
pc01_state_id; pc11_state_id,pc01_pdf_shrid_key.dta; pc01u_pca_clean.dta; pc11_pdf_shrid_key.dta; pc11r_pca_clean.dta; pc11r_subdistrict_social_group.dta; pc11u_pca_clean.dta,conceptual,normalized label 'state id' appears under variables: pc01_state_id; pc11_state_id,"Consider one unified name, e.g. pc01_state_id, if the concepts match.",Heuristic label match; confirm context before renaming.
pc01_subdistrict_id; pc11_subdistrict_id,pc01_pdf_shrid_key.dta; pc01u_pca_clean.dta; pc11_pdf_shrid_key.dta; pc11r_pca_clean.dta; pc11r_subdistrict_social_group.dta; pc11u_pca_clean.dta,conceptual,normalized label 'subdistrict tehsil taluk id' appears under variables: pc01_subdistrict_id; pc11_subdistrict_id,"Consider one unified name, e.g. pc01_subdistrict_id, if the concepts match.",Heuristic label match; confirm context before renaming.
pc01_town_id; pc11_town_id,pc01_hb_eb_pop.dta; pc01_pdf_shrid_key.dta; pc01u_pca_clean.dta; pc11_pdf_shrid_key.dta; pc11u_pca_clean.dta,conceptual,normalized label 'town id' appears under variables: pc01_town_id; pc11_town_id,"Consider one unified name, e.g. pc01_town_id, if the concepts match.",Heuristic label match; confirm context before renaming.
pc11_td_all_hospital; pc11_vd_all_hosp,segregation_citydata_urban_200.dta; segregation_citydata_urban_4000.dta; shrug_pc11_td.dta; shrug_pc11_vd.dta,conceptual,normalized label 'hospital allopathic numbers' appears under variables: pc11_td_all_hospital; pc11_vd_all_hosp,"Consider one unified name, e.g. pc11_td_all_hospital, if the concepts match.",Heuristic label match; confirm context before renaming.
pc11_td_allh_doc_pos; pc11_vd_all_hosp_doc_pos,shrug_pc11_td.dta; shrug_pc11_vd.dta,conceptual,normalized label 'hospital allopathic doctors in position numbers' appears under variables: pc11_td_allh_doc_pos; pc11_vd_all_hosp_doc_pos,"Consider one unified name, e.g. pc11_td_allh_doc_pos, if the concepts match.",Heuristic label match; confirm context before renaming.
pc11_td_allh_doc_tot; pc11_vd_all_hosp_doc_tot,shrug_pc11_td.dta; shrug_pc11_vd.dta,conceptual,normalized label 'hospital allopathic doctors total strength numbers' appears under variables: pc11_td_allh_doc_tot; pc11_vd_all_hosp_doc_tot,"Consider one unified name, e.g. pc11_td_allh_doc_tot, if the concepts match.",Heuristic label match; confirm context before renaming.
pc11_td_allh_pmed_tot; pc11_vd_all_hosp_pmed_tot,shrug_pc11_td.dta; shrug_pc11_vd.dta,conceptual,normalized label 'hospital allopathic para medical staff total strength numbers' appears under variables: pc11_td_allh_pmed_tot; pc11_vd_all_hosp_pmed_tot,"Consider one unified name, e.g. pc11_td_allh_pmed_tot, if the concepts match.",Heuristic label match; confirm context before renaming.
pc11_td_art_sc_co_dist; pc11_td_arts_co_dist; pc11_td_arts_dist; pc11_td_arts_sci_dist; pc11_td_auditorium_dist; pc11_td_cinema_dist; pc11_td_col_dist; pc11_td_commerce_dist; pc11_td_disab_sch_dist; pc11_td_dtp_publ_dist; pc11_td_educ_nf_dist; pc11_td_engg_dist; pc11_td_law_dist; pc11_td_medical_dist; pc11_td_mgt_dist; pc11_td_middle_dist; pc11_td_ms_off_dist; pc11_td_old_home_dist; pc11_td_orph_home_dist; pc11_td_oth_col_dist; pc11_td_oth_educ_dist; pc11_td_oth_voc_dist; pc11_td_p_lib_dist; pc11_td_poly_dist; pc11_td_prim_dist; pc11_td_r_rooms_dist; pc11_td_s_sec_dist; pc11_td_science_dist; pc11_td_sec_dist; pc11_td_sh_inst_dist; pc11_td_sh_type_in_dist; pc11_td_stadium_dist; pc11_td_type_inst_dist; pc11_td_wwh_dist,shrug_pc11_td.dta,conceptual,normalized label 'nearest village town distance in kms' appears under variables: pc11_td_art_sc_co_dist; pc11_td_arts_co_dist; pc11_td_arts_dist; pc11_td_arts_sci_dist; pc11_td_auditorium_dist; pc11_td_cinema_dist; pc11_td_col_dist; pc11_td_commerce_dist; pc11_td_disab_sch_dist; pc11_td_dtp_publ_dist; pc11_td_educ_nf_dist; pc11_td_engg_dist; pc11_td_law_dist; pc11_td_medical_dist; pc11_td_mgt_dist; pc11_td_middle_dist; pc11_td_ms_off_dist; pc11_td_old_home_dist; pc11_td_or...,"Consider one unified name, e.g. pc11_td_art_sc_co_dist, if the concepts match.",Heuristic label match; confirm context before renaming.
pc11_td_art_sc_co_near; pc11_td_arts_co_near; pc11_td_arts_near; pc11_td_arts_sci_near; pc11_td_auditorium_near; pc11_td_cinema_near; pc11_td_col_near; pc11_td_commerce_near; pc11_td_disab_sch_near; pc11_td_dtp_publ_near; pc11_td_educ_nf_near; pc11_td_engg_near; pc11_td_law_near; pc11_td_medical_near; pc11_td_mgt_near; pc11_td_middle_near; pc11_td_ms_off_near; pc11_td_old_home_near; pc11_td_orph_home_near; pc11_td_oth_col_near; pc11_td_oth_educ_near; pc11_td_oth_voc_near; pc11_td_p_lib_near; pc11_td_poly_near; pc11_td_prim_near; pc11_td_r_rooms_near; pc11_td_s_sec_near; pc11_td_science_near; pc11_td_sec_near; pc11_td_sh_inst_near; pc11_td_sh_type_in_near; pc11_td_stadium_near; pc11_td_type_inst_near; pc11_td_wwh_near; pc11_vd_a_s_coll_near; pc11_vd_disab_sch_near; pc11_vd_engg_coll_near; pc11_vd_m_sch_near; pc11_vd_medi_coll_near; pc11_vd_mgt_inst_near; pc11_vd_oth_sch_near; pc11_vd_p_p_sch_near; pc11_vd_p_sch_near; pc11_vd_poly_near; pc11_vd_s_s_sch_near; pc11_vd_s_sch_near; pc11_vd_tr_sch_nf_near; pc11_vd_voct_sch_near,shrug_pc11_td.dta; shrug_pc11_vd.dta,conceptual,normalized label 'nearest village town name' appears under variables: pc11_td_art_sc_co_near; pc11_td_arts_co_near; pc11_td_arts_near; pc11_td_arts_sci_near; pc11_td_auditorium_near; pc11_td_cinema_near; pc11_td_col_near; pc11_td_commerce_near; pc11_td_disab_sch_near; pc11_td_dtp_publ_near; pc11_td_educ_nf_near; pc11_td_engg_near; pc11_td_law_near; pc11_td_medical_near; pc11_td_mgt_near; pc11_td_middle_near; pc11_td_ms_off_near; pc11_td_old_home_near; pc11_td_orph_home_nea...,"Consider one unified name, e.g. pc11_td_art_sc_co_near, if the concepts match.",Heuristic label match; confirm context before renaming.
pc11_td_college; pc11_vd_college,shrug_pc11_td.dta; shrug_pc11_vd.dta,conceptual,normalized label 'number of colleges' appears under variables: pc11_td_college; pc11_vd_college,"Consider one unified name, e.g. pc11_td_college, if the concepts match.",Heuristic label match; confirm context before renaming.
pc11_td_engg_gov; pc11_vd_engg_coll_gov,shrug_pc11_td.dta; shrug_pc11_vd.dta,conceptual,normalized label 'govt engineering college numbers' appears under variables: pc11_td_engg_gov; pc11_vd_engg_coll_gov,"Consider one unified name, e.g. pc11_td_engg_gov, if the concepts match.",Heuristic label match; confirm context before renaming.
pc11_td_engg_gov_status; pc11_vd_engg_coll_gov_status,shrug_pc11_td.dta; shrug_pc11_vd.dta,conceptual,normalized label 'govt engineering college status a 1 na 0' appears under variables: pc11_td_engg_gov_status; pc11_vd_engg_coll_gov_status,"Consider one unified name, e.g. pc11_td_engg_gov_status, if the concepts match.",Heuristic label match; confirm context before renaming.
pc11_td_engg_priv; pc11_vd_engg_coll_priv,shrug_pc11_td.dta; shrug_pc11_vd.dta,conceptual,normalized label 'private engineering college numbers' appears under variables: pc11_td_engg_priv; pc11_vd_engg_coll_priv,"Consider one unified name, e.g. pc11_td_engg_priv, if the concepts match.",Heuristic label match; confirm context before renaming.
pc11_td_engg_priv_status; pc11_vd_engg_coll_priv_status,shrug_pc11_td.dta; shrug_pc11_vd.dta,conceptual,normalized label 'private engineering college status a 1 na 0' appears under variables: pc11_td_engg_priv_status; pc11_vd_engg_coll_priv_status,"Consider one unified name, e.g. pc11_td_engg_priv_status, if the concepts match.",Heuristic label match; confirm context before renaming.
pc11_td_f_w_ctr; pc11_vd_fwc_cntr,shrug_pc11_td.dta; shrug_pc11_vd.dta,conceptual,normalized label 'family welfare centre numbers' appears under variables: pc11_td_f_w_ctr; pc11_vd_fwc_cntr,"Consider one unified name, e.g. pc11_td_f_w_ctr, if the concepts match.",Heuristic label match; confirm context before renaming.
pc11_td_fwc_doc_pos; pc11_vd_fwc_cntr_doc_pos,shrug_pc11_td.dta; shrug_pc11_vd.dta,conceptual,normalized label 'family welfare centre doctors in position numbers' appears under variables: pc11_td_fwc_doc_pos; pc11_vd_fwc_cntr_doc_pos,"Consider one unified name, e.g. pc11_td_fwc_doc_pos, if the concepts match.",Heuristic label match; confirm context before renaming.
pc11_td_fwc_doc_tot; pc11_vd_fwc_cntr_doc_tot,shrug_pc11_td.dta; shrug_pc11_vd.dta,conceptual,normalized label 'family welfare centre doctors total strength numbers' appears under variables: pc11_td_fwc_doc_tot; pc11_vd_fwc_cntr_doc_tot,"Consider one unified name, e.g. pc11_td_fwc_doc_tot, if the concepts match.",Heuristic label match; confirm context before renaming.
pc11_td_fwc_pmed_pos; pc11_vd_fwc_cntr_pmed_pos,shrug_pc11_td.dta; shrug_pc11_vd.dta,conceptual,normalized label 'family welfare centre para medical staff in position numbers' appears under variables: pc11_td_fwc_pmed_pos; pc11_vd_fwc_cntr_pmed_pos,"Consider one unified name, e.g. pc11_td_fwc_pmed_pos, if the concepts match.",Heuristic label match; confirm context before renaming.
pc11_td_mc_w_ctr; pc11_vd_mcw_cntr,shrug_pc11_td.dta; shrug_pc11_vd.dta,conceptual,normalized label 'maternity and child welfare centre numbers' appears under variables: pc11_td_mc_w_ctr; pc11_vd_mcw_cntr,"Consider one unified name, e.g. pc11_td_mc_w_ctr, if the concepts match.",Heuristic label match; confirm context before renaming.
pc11_td_mcmw_pmed_tot; pc11_vd_mcw_cntr_pmed_tot,shrug_pc11_td.dta; shrug_pc11_vd.dta,conceptual,normalized label 'maternity and child welfare centre para medical staff total strength numbers' appears under variables: pc11_td_mcmw_pmed_tot; pc11_vd_mcw_cntr_pmed_tot,"Consider one unified name, e.g. pc11_td_mcmw_pmed_tot, if the concepts match.",Heuristic label match; confirm context before renaming.
pc11_td_mcwc_doc_pos; pc11_vd_mcw_cntr_doc_pos,shrug_pc11_td.dta; shrug_pc11_vd.dta,conceptual,normalized label 'maternity and child welfare centre doctors in position numbers' appears under variables: pc11_td_mcwc_doc_pos; pc11_vd_mcw_cntr_doc_pos,"Consider one unified name, e.g. pc11_td_mcwc_doc_pos, if the concepts match.",Heuristic label match; confirm context before renaming.
pc11_td_mcwc_doc_tot; pc11_vd_mcw_cntr_doc_tot,shrug_pc11_td.dta; shrug_pc11_vd.dta,conceptual,normalized label 'maternity and child welfare centre doctors total strength numbers' appears under variables: pc11_td_mcwc_doc_tot; pc11_vd_mcw_cntr_doc_tot,"Consider one unified name, e.g. pc11_td_mcwc_doc_tot, if the concepts match.",Heuristic label match; confirm context before renaming.
pc11_td_mcwc_pmed_pos; pc11_vd_mcw_cntr_pmed_pos,shrug_pc11_td.dta; shrug_pc11_vd.dta,conceptual,normalized label 'maternity and child welfare centre para medical staff in position numbers' appears under variables: pc11_td_mcwc_pmed_pos; pc11_vd_mcw_cntr_pmed_pos,"Consider one unified name, e.g. pc11_td_mcwc_pmed_pos, if the concepts match.",Heuristic label match; confirm context before renaming.
pc11_td_mgt_gov; pc11_vd_mgt_inst_gov,shrug_pc11_td.dta; shrug_pc11_vd.dta,conceptual,normalized label 'govt management institute numbers' appears under variables: pc11_td_mgt_gov; pc11_vd_mgt_inst_gov,"Consider one unified name, e.g. pc11_td_mgt_gov, if the concepts match.",Heuristic label match; confirm context before renaming.
pc11_td_mgt_gov_status; pc11_vd_mgt_inst_gov_status,shrug_pc11_td.dta; shrug_pc11_vd.dta,conceptual,normalized label 'govt management institute status a 1 na 0' appears under variables: pc11_td_mgt_gov_status; pc11_vd_mgt_inst_gov_status,"Consider one unified name, e.g. pc11_td_mgt_gov_status, if the concepts match.",Heuristic label match; confirm context before renaming.
pc11_td_mgt_priv; pc11_vd_mgt_inst_priv,shrug_pc11_td.dta; shrug_pc11_vd.dta,conceptual,normalized label 'private management institute numbers' appears under variables: pc11_td_mgt_priv; pc11_vd_mgt_inst_priv,"Consider one unified name, e.g. pc11_td_mgt_priv, if the concepts match.",Heuristic label match; confirm context before renaming.
pc11_td_mgt_priv_status; pc11_vd_mgt_inst_priv_status,shrug_pc11_td.dta; shrug_pc11_vd.dta,conceptual,normalized label 'private management institute status a 1 na 0' appears under variables: pc11_td_mgt_priv_status; pc11_vd_mgt_inst_priv_status,"Consider one unified name, e.g. pc11_td_mgt_priv_status, if the concepts match.",Heuristic label match; confirm context before renaming.
pc11_td_mh_clinic; pc11_vd_mh_cln,shrug_pc11_td.dta; shrug_pc11_vd.dta,conceptual,normalized label 'mobile health clinic numbers' appears under variables: pc11_td_mh_clinic; pc11_vd_mh_cln,"Consider one unified name, e.g. pc11_td_mh_clinic, if the concepts match.",Heuristic label match; confirm context before renaming.
pc11_td_mhc_doc_tot; pc11_vd_mh_cln_doc_tot,shrug_pc11_td.dta; shrug_pc11_vd.dta,conceptual,normalized label 'mobile health clinic doctors total strength numbers' appears under variables: pc11_td_mhc_doc_tot; pc11_vd_mh_cln_doc_tot,"Consider one unified name, e.g. pc11_td_mhc_doc_tot, if the concepts match.",Heuristic label match; confirm context before renaming.
pc11_td_mhc_pmed_tot; pc11_vd_mh_cln_pmed_tot,shrug_pc11_td.dta; shrug_pc11_vd.dta,conceptual,normalized label 'mobile health clinic para medical staff total strength numbers' appears under variables: pc11_td_mhc_pmed_tot; pc11_vd_mh_cln_pmed_tot,"Consider one unified name, e.g. pc11_td_mhc_pmed_tot, if the concepts match.",Heuristic label match; confirm context before renaming.
pc11_td_middle_gov; pc11_vd_m_sch_gov,shrug_pc11_td.dta; shrug_pc11_vd.dta,conceptual,normalized label 'govt middle school numbers' appears under variables: pc11_td_middle_gov; pc11_vd_m_sch_gov,"Consider one unified name, e.g. pc11_td_middle_gov, if the concepts match.",Heuristic label match; confirm context before renaming.
pc11_td_middle_gov_status; pc11_vd_m_sch_gov_status,shrug_pc11_td.dta; shrug_pc11_vd.dta,conceptual,normalized label 'govt middle school status a 1 na 0' appears under variables: pc11_td_middle_gov_status; pc11_vd_m_sch_gov_status,"Consider one unified name, e.g. pc11_td_middle_gov_status, if the concepts match.",Heuristic label match; confirm context before renaming.
pc11_td_middle_priv; pc11_vd_m_sch_priv,shrug_pc11_td.dta; shrug_pc11_vd.dta,conceptual,normalized label 'private middle school numbers' appears under variables: pc11_td_middle_priv; pc11_vd_m_sch_priv,"Consider one unified name, e.g. pc11_td_middle_priv, if the concepts match.",Heuristic label match; confirm context before renaming.
pc11_td_middle_priv_status; pc11_vd_m_sch_priv_status,shrug_pc11_td.dta; shrug_pc11_vd.dta,conceptual,normalized label 'private middle school status a 1 na 0' appears under variables: pc11_td_middle_priv_status; pc11_vd_m_sch_priv_status,"Consider one unified name, e.g. pc11_td_middle_priv_status, if the concepts match.",Heuristic label match; confirm context before renaming.
pc11_td_no_hh; pc11_vd_t_hh,shrug_pc11_td.dta; shrug_pc11_vd.dta,conceptual,normalized label 'total households' appears under variables: pc11_td_no_hh; pc11_vd_t_hh,"Consider one unified name, e.g. pc11_td_no_hh, if the concepts match.",Heuristic label match; confirm context before renaming.
pc11_td_poly_gov; pc11_vd_poly_gov,shrug_pc11_td.dta; shrug_pc11_vd.dta,conceptual,normalized label 'govt polytechnic numbers' appears under variables: pc11_td_poly_gov; pc11_vd_poly_gov,"Consider one unified name, e.g. pc11_td_poly_gov, if the concepts match.",Heuristic label match; confirm context before renaming.
pc11_td_poly_gov_status; pc11_vd_poly_gov_status,shrug_pc11_td.dta; shrug_pc11_vd.dta,conceptual,normalized label 'govt polytechnic status a 1 na 0' appears under variables: pc11_td_poly_gov_status; pc11_vd_poly_gov_status,"Consider one unified name, e.g. pc11_td_poly_gov_status, if the concepts match.",Heuristic label match; confirm context before renaming.
pc11_td_poly_priv; pc11_vd_poly_priv,shrug_pc11_td.dta; shrug_pc11_vd.dta,conceptual,normalized label 'private polytechnic numbers' appears under variables: pc11_td_poly_priv; pc11_vd_poly_priv,"Consider one unified name, e.g. pc11_td_poly_priv, if the concepts match.",Heuristic label match; confirm context before renaming.
pc11_td_poly_priv_status; pc11_vd_poly_priv_status,shrug_pc11_td.dta; shrug_pc11_vd.dta,conceptual,normalized label 'private polytechnic status a 1 na 0' appears under variables: pc11_td_poly_priv_status; pc11_vd_poly_priv_status,"Consider one unified name, e.g. pc11_td_poly_priv_status, if the concepts match.",Heuristic label match; confirm context before renaming.
pc11_td_primary_gov; pc11_vd_p_sch_gov,segregation_citydata_urban_200.dta; segregation_citydata_urban_4000.dta; shrug_pc11_td.dta; shrug_pc11_vd.dta,conceptual,normalized label 'govt primary school numbers' appears under variables: pc11_td_primary_gov; pc11_vd_p_sch_gov,"Consider one unified name, e.g. pc11_td_primary_gov, if the concepts match.",Heuristic label match; confirm context before renaming.
pc11_td_primary_gov_status; pc11_vd_p_sch_gov_status,shrug_pc11_td.dta; shrug_pc11_vd.dta,conceptual,normalized label 'govt primary school status a 1 na 0' appears under variables: pc11_td_primary_gov_status; pc11_vd_p_sch_gov_status,"Consider one unified name, e.g. pc11_td_primary_gov_status, if the concepts match.",Heuristic label match; confirm context before renaming.
pc11_td_primary_priv; pc11_vd_p_sch_priv,shrug_pc11_td.dta; shrug_pc11_vd.dta,conceptual,normalized label 'private primary school numbers' appears under variables: pc11_td_primary_priv; pc11_vd_p_sch_priv,"Consider one unified name, e.g. pc11_td_primary_priv, if the concepts match.",Heuristic label match; confirm context before renaming.
pc11_td_primary_priv_status; pc11_vd_p_sch_priv_status,shrug_pc11_td.dta; shrug_pc11_vd.dta,conceptual,normalized label 'private primary school status a 1 na 0' appears under variables: pc11_td_primary_priv_status; pc11_vd_p_sch_priv_status,"Consider one unified name, e.g. pc11_td_primary_priv_status, if the concepts match.",Heuristic label match; confirm context before renaming.
pc11_td_s_sec_gov; pc11_vd_s_s_sch_gov,shrug_pc11_td.dta; shrug_pc11_vd.dta,conceptual,normalized label 'govt senior secondary school numbers' appears under variables: pc11_td_s_sec_gov; pc11_vd_s_s_sch_gov,"Consider one unified name, e.g. pc11_td_s_sec_gov, if the concepts match.",Heuristic label match; confirm context before renaming.
pc11_td_s_sec_gov_status; pc11_vd_s_s_sch_gov_status,shrug_pc11_td.dta; shrug_pc11_vd.dta,conceptual,normalized label 'govt senior secondary school status a 1 na 0' appears under variables: pc11_td_s_sec_gov_status; pc11_vd_s_s_sch_gov_status,"Consider one unified name, e.g. pc11_td_s_sec_gov_status, if the concepts match.",Heuristic label match; confirm context before renaming.
pc11_td_s_sec_priv; pc11_vd_s_s_sch_priv,shrug_pc11_td.dta; shrug_pc11_vd.dta,conceptual,normalized label 'private senior secondary school numbers' appears under variables: pc11_td_s_sec_priv; pc11_vd_s_s_sch_priv,"Consider one unified name, e.g. pc11_td_s_sec_priv, if the concepts match.",Heuristic label match; confirm context before renaming.
pc11_td_s_sec_priv_status; pc11_vd_s_s_sch_priv_status,shrug_pc11_td.dta; shrug_pc11_vd.dta,conceptual,normalized label 'private senior secondary school status a 1 na 0' appears under variables: pc11_td_s_sec_priv_status; pc11_vd_s_s_sch_priv_status,"Consider one unified name, e.g. pc11_td_s_sec_priv_status, if the concepts match.",Heuristic label match; confirm context before renaming.
pc11_td_sec_gov; pc11_vd_s_sch_gov,segregation_citydata_urban_200.dta; segregation_citydata_urban_4000.dta; shrug_pc11_td.dta; shrug_pc11_vd.dta,conceptual,normalized label 'govt secondary school numbers' appears under variables: pc11_td_sec_gov; pc11_vd_s_sch_gov,"Consider one unified name, e.g. pc11_td_sec_gov, if the concepts match.",Heuristic label match; confirm context before renaming.
pc11_td_sec_gov_status; pc11_vd_s_sch_gov_status,shrug_pc11_td.dta; shrug_pc11_vd.dta,conceptual,normalized label 'govt secondary school status a 1 na 0' appears under variables: pc11_td_sec_gov_status; pc11_vd_s_sch_gov_status,"Consider one unified name, e.g. pc11_td_sec_gov_status, if the concepts match.",Heuristic label match; confirm context before renaming.
pc11_td_sec_priv; pc11_vd_s_sch_priv,shrug_pc11_td.dta; shrug_pc11_vd.dta,conceptual,normalized label 'private secondary school numbers' appears under variables: pc11_td_sec_priv; pc11_vd_s_sch_priv,"Consider one unified name, e.g. pc11_td_sec_priv, if the concepts match.",Heuristic label match; confirm context before renaming.
pc11_td_sec_priv_status; pc11_vd_s_sch_priv_status,shrug_pc11_td.dta; shrug_pc11_vd.dta,conceptual,normalized label 'private secondary school status a 1 na 0' appears under variables: pc11_td_sec_priv_status; pc11_vd_s_sch_priv_status,"Consider one unified name, e.g. pc11_td_sec_priv_status, if the concepts match.",Heuristic label match; confirm context before renaming.
pc11_td_veth_cnt; pc11_vd_vet_hosp,shrug_pc11_td.dta; shrug_pc11_vd.dta,conceptual,normalized label 'veterinary hospital numbers' appears under variables: pc11_td_veth_cnt; pc11_vd_vet_hosp,"Consider one unified name, e.g. pc11_td_veth_cnt, if the concepts match.",Heuristic label match; confirm context before renaming.
pc11_td_veth_doc_pos; pc11_vd_vet_hosp_doc_pos,shrug_pc11_td.dta; shrug_pc11_vd.dta,conceptual,normalized label 'veterinary hospital doctors in position numbers' appears under variables: pc11_td_veth_doc_pos; pc11_vd_vet_hosp_doc_pos,"Consider one unified name, e.g. pc11_td_veth_doc_pos, if the concepts match.",Heuristic label match; confirm context before renaming.
pc11_td_veth_doc_tot; pc11_vd_vet_hosp_doc_tot,shrug_pc11_td.dta; shrug_pc11_vd.dta,conceptual,normalized label 'veterinary hospital doctors total strength numbers' appears under variables: pc11_td_veth_doc_tot; pc11_vd_vet_hosp_doc_tot,"Consider one unified name, e.g. pc11_td_veth_doc_tot, if the concepts match.",Heuristic label match; confirm context before renaming.
pc11_td_veth_pmed_pos; pc11_vd_vet_hosp_pmed_pos,shrug_pc11_td.dta; shrug_pc11_vd.dta,conceptual,normalized label 'veterinary hospital para medical staff in position numbers' appears under variables: pc11_td_veth_pmed_pos; pc11_vd_vet_hosp_pmed_pos,"Consider one unified name, e.g. pc11_td_veth_pmed_pos, if the concepts match.",Heuristic label match; confirm context before renaming.
pc11_td_veth_pmed_tot; pc11_vd_vet_hosp_pmed_tot,shrug_pc11_td.dta; shrug_pc11_vd.dta,conceptual,normalized label 'veterinary hospital para medical staff total strength numbers' appears under variables: pc11_td_veth_pmed_tot; pc11_vd_vet_hosp_pmed_tot,"Consider one unified name, e.g. pc11_td_veth_pmed_tot, if the concepts match.",Heuristic label match; confirm context before renaming.
pc11_vd_a_s_coll_near_status; pc11_vd_disab_sch_near_status; pc11_vd_engg_coll_near_status; pc11_vd_m_sch_near_status; pc11_vd_medi_coll_near_status; pc11_vd_mgt_inst_near_status; pc11_vd_oth_sch_near_status; pc11_vd_p_p_sch_near_status; pc11_vd_p_sch_near_status; pc11_vd_poly_near_status; pc11_vd_s_s_sch_near_status; pc11_vd_s_sch_near_status; pc11_vd_tr_sch_nf_near_status; pc11_vd_voct_sch_near_status,shrug_pc11_vd.dta,conceptual,normalized label 'nearest facility status govt 1 private 0' appears under variables: pc11_vd_a_s_coll_near_status; pc11_vd_disab_sch_near_status; pc11_vd_engg_coll_near_status; pc11_vd_m_sch_near_status; pc11_vd_medi_coll_near_status; pc11_vd_mgt_inst_near_status; pc11_vd_oth_sch_near_status; pc11_vd_p_p_sch_near_status; pc11_vd_p_sch_near_status; pc11_vd_poly_near_status; pc11_vd_s_s_sch_near_status; pc11_vd_s_sch_near_status; pc11_vd_tr_sch_nf_near_status; pc11_vd_voct_s...,"Consider one unified name, e.g. pc11_vd_a_s_coll_near_status, if the concepts match.",Heuristic label match; confirm context before renaming.
pc11_vd_a_s_coll_rang; pc11_vd_acs_rang; pc11_vd_all_disp_rang; pc11_vd_all_rang; pc11_vd_altmed_hosp_rang; pc11_vd_ams_rang; pc11_vd_ani_cart_rang; pc11_vd_asha_rang; pc11_vd_auto_rang; pc11_vd_bdro_rang; pc11_vd_bus_gov_rang; pc11_vd_bus_priv_rang; pc11_vd_ch_cntr_rang; pc11_vd_cine_hall_rang; pc11_vd_com_cntr_rang; pc11_vd_comm_bank_rang; pc11_vd_coop_bank_rang; pc11_vd_cour_priv_rang; pc11_vd_cyrick_mac_rang; pc11_vd_cyrick_man_rang; pc11_vd_disab_sch_rang; pc11_vd_engg_coll_rang; pc11_vd_ferry_rang; pc11_vd_fwc_cntr_rang; pc11_vd_int_caf_csc_rang; pc11_vd_m_sch_rang; pc11_vd_mcw_rang; pc11_vd_medi_coll_rang; pc11_vd_mgt_inst_rang; pc11_vd_mh_cln_rang; pc11_vd_mobl_cov_rang; pc11_vd_mrkt_rang; pc11_vd_nc_agwd_rang; pc11_vd_nc_icds_rang; pc11_vd_nc_oth_rang; pc11_vd_news_pap_rang; pc11_vd_oth_sch_rang; pc11_vd_p_p_sch_rang; pc11_vd_p_sch_rang; pc11_vd_pco_rang; pc11_vd_pds_rang; pc11_vd_phc_rang; pc11_vd_phone_rang; pc11_vd_phs_cntr_rang; pc11_vd_pincd_rang; pc11_vd_poll_st_rang; pc11_vd_poly_rang; pc11_vd_post_off_rang; pc11_vd_post_tele_rang; pc11_vd_pub_lib_rang; pc11_vd_pub_rr_rang; pc11_vd_rd_all_wthr_rang; pc11_vd_rd_ftph_rang; pc11_vd_rd_mdr_rang; pc11_vd_rd_nav_wat_rang; pc11_vd_rd_nhw_rang; pc11_vd_rd_odr_rang; pc11_vd_rd_p_btr_rang; pc11_vd_rd_shw_rang; pc11_vd_rd_wbm_rang; pc11_vd_rs_rang; pc11_vd_s_post_off_rang; pc11_vd_s_s_sch_rang; pc11_vd_s_sch_rang; pc11_vd_shg_rang; pc11_vd_sp_cl_rang; pc11_vd_sp_fld_rang; pc11_vd_taxi_rang; pc11_vd_tb_cln_rang; pc11_vd_tr_sch_nf_rang; pc11_vd_trctr_rang; pc11_vd_vans_rang; pc11_vd_vet_hosp_rang; pc11_vd_voct_sch_rang; pc11_vd_wkl_haat_rang,shrug_pc11_vd.dta,conceptual,normalized label 'if n a range code for nearest fac km' appears under variables: pc11_vd_a_s_coll_rang; pc11_vd_acs_rang; pc11_vd_all_disp_rang; pc11_vd_all_rang; pc11_vd_altmed_hosp_rang; pc11_vd_ams_rang; pc11_vd_ani_cart_rang; pc11_vd_asha_rang; pc11_vd_auto_rang; pc11_vd_bdro_rang; pc11_vd_bus_gov_rang; pc11_vd_bus_priv_rang; pc11_vd_ch_cntr_rang; pc11_vd_cine_hall_rang; pc11_vd_com_cntr_rang; pc11_vd_comm_bank_rang; pc11_vd_coop_bank_rang; pc11_vd_cour_priv_rang; pc11...,"Consider one unified name, e.g. pc11_vd_a_s_coll_rang, if the concepts match.",Heuristic label match; confirm context before renaming.
sc_pop_share; sc_share,seg_correlates.dta; segregation_citydata_urban_200.dta; segregation_citydata_urban_4000.dta,conceptual,normalized label 'sc share town' appears under variables: sc_pop_share; sc_share,"Consider one unified name, e.g. sc_pop_share, if the concepts match.",Heuristic label match; confirm context before renaming.
shrid; shrid2,pc01_hb_eb_pop.dta; pc01_pdf_shrid_key.dta; pc11_muslims_urban.dta; pc11_pdf_shrid_key.dta; segregation_blockdata_rural_200.dta; segregation_blockdata_rural_4000.dta; segregation_blockdata_urban_200.dta; segregation_blockdata_urban_4000.dta; shrug_names.dta; shrug_pc01u_key.dta; shrug_pc11_pca.dta; shrug_pc11_state_key.dta; shrug_pc11_subdistrict_key.dta; shrug_pc11_td.dta; shrug_pc11_vd.dta; shrug_spatial.dta,conceptual,normalized label 'shrug identifier' appears under variables: shrid; shrid2,"Consider one unified name, e.g. shrid, if the concepts match.",Heuristic label match; confirm context before renaming.
state_name; statename,msa_keys.dta; shrug_names.dta,conceptual,normalized label 'state name' appears under variables: state_name; statename,"Consider one unified name, e.g. state_name, if the concepts match.",Heuristic label match; confirm context before renaming.
ln_city_pop,seg_correlates.dta,derivable,ln_city_pop matches ln_<base> and base variable city_pop exists,Document the formula and consider deriving rather than storing a duplicate field.,Name-pattern heuristic only; verify determinism before dropping or rebuilding.
ln_cons_pc,seg_correlates.dta,derivable,ln_cons_pc matches ln_<base> and base variable cons_pc exists,Document the formula and consider deriving rather than storing a duplicate field.,Name-pattern heuristic only; verify determinism before dropping or rebuilding.
ln_cons_pc_muslim,seg_correlates.dta,derivable,ln_cons_pc_muslim matches ln_<base> and base variable cons_pc_muslim exists,Document the formula and consider deriving rather than storing a duplicate field.,Name-pattern heuristic only; verify determinism before dropping or rebuilding.
ln_cons_pc_nonscmuslim,seg_correlates.dta,derivable,ln_cons_pc_nonscmuslim matches ln_<base> and base variable cons_pc_nonscmuslim exists,Document the formula and consider deriving rather than storing a duplicate field.,Name-pattern heuristic only; verify determinism before dropping or rebuilding.
ln_cons_pc_sc,seg_correlates.dta,derivable,ln_cons_pc_sc matches ln_<base> and base variable cons_pc_sc exists,Document the formula and consider deriving rather than storing a duplicate field.,Name-pattern heuristic only; verify determinism before dropping or rebuilding.
ln_injured,seg_correlates.dta,derivable,ln_injured matches ln_<base> and base variable injured exists,Document the formula and consider deriving rather than storing a duplicate field.,Name-pattern heuristic only; verify determinism before dropping or rebuilding.
ln_killed,seg_correlates.dta,derivable,ln_killed matches ln_<base> and base variable killed exists,Document the formula and consider deriving rather than storing a duplicate field.,Name-pattern heuristic only; verify determinism before dropping or rebuilding.
log_block_pop,segregation_blockdata_rural_200.dta,derivable,log_block_pop matches log_<base> and base variable block_pop exists,Document the formula and consider deriving rather than storing a duplicate field.,Name-pattern heuristic only; verify determinism before dropping or rebuilding.
log_block_pop,segregation_blockdata_rural_4000.dta,derivable,log_block_pop matches log_<base> and base variable block_pop exists,Document the formula and consider deriving rather than storing a duplicate field.,Name-pattern heuristic only; verify determinism before dropping or rebuilding.
log_block_pop,segregation_blockdata_urban_200.dta,derivable,log_block_pop matches log_<base> and base variable block_pop exists,Document the formula and consider deriving rather than storing a duplicate field.,Name-pattern heuristic only; verify determinism before dropping or rebuilding.
log_block_pop,segregation_blockdata_urban_4000.dta,derivable,log_block_pop matches log_<base> and base variable block_pop exists,Document the formula and consider deriving rather than storing a duplicate field.,Name-pattern heuristic only; verify determinism before dropping or rebuilding.
log_city_pop,segregation_citydata_rural_200.dta,derivable,log_city_pop matches log_<base> and base variable city_pop exists,Document the formula and consider deriving rather than storing a duplicate field.,Name-pattern heuristic only; verify determinism before dropping or rebuilding.
log_city_pop,segregation_citydata_urban_200.dta,derivable,log_city_pop matches log_<base> and base variable city_pop exists,Document the formula and consider deriving rather than storing a duplicate field.,Name-pattern heuristic only; verify determinism before dropping or rebuilding.
log_city_pop,segregation_citydata_urban_4000.dta,derivable,log_city_pop matches log_<base> and base variable city_pop exists,Document the formula and consider deriving rather than storing a duplicate field.,Name-pattern heuristic only; verify determinism before dropping or rebuilding.
log_city_pop_pc11,segregation_citydata_rural_200.dta,derivable,log_city_pop_pc11 matches log_<base> and base variable city_pop_pc11 exists,Document the formula and consider deriving rather than storing a duplicate field.,Name-pattern heuristic only; verify determinism before dropping or rebuilding.
log_city_pop_pc11,segregation_citydata_urban_200.dta,derivable,log_city_pop_pc11 matches log_<base> and base variable city_pop_pc11 exists,Document the formula and consider deriving rather than storing a duplicate field.,Name-pattern heuristic only; verify determinism before dropping or rebuilding.
log_city_pop_pc11,segregation_citydata_urban_4000.dta,derivable,log_city_pop_pc11 matches log_<base> and base variable city_pop_pc11 exists,Document the formula and consider deriving rather than storing a duplicate field.,Name-pattern heuristic only; verify determinism before dropping or rebuilding.
log_cons_pcap,segregation_blockdata_rural_200.dta,derivable,log_cons_pcap matches log_<base> and base variable cons_pcap exists,Document the formula and consider deriving rather than storing a duplicate field.,Name-pattern heuristic only; verify determinism before dropping or rebuilding.
log_cons_pcap,segregation_blockdata_rural_4000.dta,derivable,log_cons_pcap matches log_<base> and base variable cons_pcap exists,Document the formula and consider deriving rather than storing a duplicate field.,Name-pattern heuristic only; verify determinism before dropping or rebuilding.
log_cons_pcap,segregation_blockdata_urban_200.dta,derivable,log_cons_pcap matches log_<base> and base variable cons_pcap exists,Document the formula and consider deriving rather than storing a duplicate field.,Name-pattern heuristic only; verify determinism before dropping or rebuilding.
log_cons_pcap,segregation_blockdata_urban_4000.dta,derivable,log_cons_pcap matches log_<base> and base variable cons_pcap exists,Document the formula and consider deriving rather than storing a duplicate field.,Name-pattern heuristic only; verify determinism before dropping or rebuilding.
log_cons_pcap,segregation_citydata_rural_200.dta,derivable,log_cons_pcap matches log_<base> and base variable cons_pcap exists,Document the formula and consider deriving rather than storing a duplicate field.,Name-pattern heuristic only; verify determinism before dropping or rebuilding.
log_cons_pcap,segregation_citydata_urban_200.dta,derivable,log_cons_pcap matches log_<base> and base variable cons_pcap exists,Document the formula and consider deriving rather than storing a duplicate field.,Name-pattern heuristic only; verify determinism before dropping or rebuilding.
log_cons_pcap,segregation_citydata_urban_4000.dta,derivable,log_cons_pcap matches log_<base> and base variable cons_pcap exists,Document the formula and consider deriving rather than storing a duplicate field.,Name-pattern heuristic only; verify determinism before dropping or rebuilding.
log_cons_pcap_muslim,segregation_blockdata_rural_200.dta,derivable,log_cons_pcap_muslim matches log_<base> and base variable cons_pcap_muslim exists,Document the formula and consider deriving rather than storing a duplicate field.,Name-pattern heuristic only; verify determinism before dropping or rebuilding.
log_cons_pcap_muslim,segregation_blockdata_rural_4000.dta,derivable,log_cons_pcap_muslim matches log_<base> and base variable cons_pcap_muslim exists,Document the formula and consider deriving rather than storing a duplicate field.,Name-pattern heuristic only; verify determinism before dropping or rebuilding.
log_cons_pcap_muslim,segregation_blockdata_urban_200.dta,derivable,log_cons_pcap_muslim matches log_<base> and base variable cons_pcap_muslim exists,Document the formula and consider deriving rather than storing a duplicate field.,Name-pattern heuristic only; verify determinism before dropping or rebuilding.
log_cons_pcap_muslim,segregation_blockdata_urban_4000.dta,derivable,log_cons_pcap_muslim matches log_<base> and base variable cons_pcap_muslim exists,Document the formula and consider deriving rather than storing a duplicate field.,Name-pattern heuristic only; verify determinism before dropping or rebuilding.
log_cons_pcap_muslim,segregation_citydata_rural_200.dta,derivable,log_cons_pcap_muslim matches log_<base> and base variable cons_pcap_muslim exists,Document the formula and consider deriving rather than storing a duplicate field.,Name-pattern heuristic only; verify determinism before dropping or rebuilding.
log_cons_pcap_muslim,segregation_citydata_urban_200.dta,derivable,log_cons_pcap_muslim matches log_<base> and base variable cons_pcap_muslim exists,Document the formula and consider deriving rather than storing a duplicate field.,Name-pattern heuristic only; verify determinism before dropping or rebuilding.
log_cons_pcap_muslim,segregation_citydata_urban_4000.dta,derivable,log_cons_pcap_muslim matches log_<base> and base variable cons_pcap_muslim exists,Document the formula and consider deriving rather than storing a duplicate field.,Name-pattern heuristic only; verify determinism before dropping or rebuilding.
log_cons_pcap_nonscmuslim,segregation_blockdata_rural_200.dta,derivable,log_cons_pcap_nonscmuslim matches log_<base> and base variable cons_pcap_nonscmuslim exists,Document the formula and consider deriving rather than storing a duplicate field.,Name-pattern heuristic only; verify determinism before dropping or rebuilding.
log_cons_pcap_nonscmuslim,segregation_blockdata_rural_4000.dta,derivable,log_cons_pcap_nonscmuslim matches log_<base> and base variable cons_pcap_nonscmuslim exists,Document the formula and consider deriving rather than storing a duplicate field.,Name-pattern heuristic only; verify determinism before dropping or rebuilding.
log_cons_pcap_nonscmuslim,segregation_blockdata_urban_200.dta,derivable,log_cons_pcap_nonscmuslim matches log_<base> and base variable cons_pcap_nonscmuslim exists,Document the formula and consider deriving rather than storing a duplicate field.,Name-pattern heuristic only; verify determinism before dropping or rebuilding.
log_cons_pcap_nonscmuslim,segregation_blockdata_urban_4000.dta,derivable,log_cons_pcap_nonscmuslim matches log_<base> and base variable cons_pcap_nonscmuslim exists,Document the formula and consider deriving rather than storing a duplicate field.,Name-pattern heuristic only; verify determinism before dropping or rebuilding.
log_cons_pcap_nonscmuslim,segregation_citydata_rural_200.dta,derivable,log_cons_pcap_nonscmuslim matches log_<base> and base variable cons_pcap_nonscmuslim exists,Document the formula and consider deriving rather than storing a duplicate field.,Name-pattern heuristic only; verify determinism before dropping or rebuilding.
log_cons_pcap_nonscmuslim,segregation_citydata_urban_200.dta,derivable,log_cons_pcap_nonscmuslim matches log_<base> and base variable cons_pcap_nonscmuslim exists,Document the formula and consider deriving rather than storing a duplicate field.,Name-pattern heuristic only; verify determinism before dropping or rebuilding.
log_cons_pcap_nonscmuslim,segregation_citydata_urban_4000.dta,derivable,log_cons_pcap_nonscmuslim matches log_<base> and base variable cons_pcap_nonscmuslim exists,Document the formula and consider deriving rather than storing a duplicate field.,Name-pattern heuristic only; verify determinism before dropping or rebuilding.
log_cons_pcap_sc,segregation_blockdata_rural_200.dta,derivable,log_cons_pcap_sc matches log_<base> and base variable cons_pcap_sc exists,Document the formula and consider deriving rather than storing a duplicate field.,Name-pattern heuristic only; verify determinism before dropping or rebuilding.
log_cons_pcap_sc,segregation_blockdata_rural_4000.dta,derivable,log_cons_pcap_sc matches log_<base> and base variable cons_pcap_sc exists,Document the formula and consider deriving rather than storing a duplicate field.,Name-pattern heuristic only; verify determinism before dropping or rebuilding.
log_cons_pcap_sc,segregation_blockdata_urban_200.dta,derivable,log_cons_pcap_sc matches log_<base> and base variable cons_pcap_sc exists,Document the formula and consider deriving rather than storing a duplicate field.,Name-pattern heuristic only; verify determinism before dropping or rebuilding.
log_cons_pcap_sc,segregation_blockdata_urban_4000.dta,derivable,log_cons_pcap_sc matches log_<base> and base variable cons_pcap_sc exists,Document the formula and consider deriving rather than storing a duplicate field.,Name-pattern heuristic only; verify determinism before dropping or rebuilding.
log_cons_pcap_sc,segregation_citydata_rural_200.dta,derivable,log_cons_pcap_sc matches log_<base> and base variable cons_pcap_sc exists,Document the formula and consider deriving rather than storing a duplicate field.,Name-pattern heuristic only; verify determinism before dropping or rebuilding.
log_cons_pcap_sc,segregation_citydata_urban_200.dta,derivable,log_cons_pcap_sc matches log_<base> and base variable cons_pcap_sc exists,Document the formula and consider deriving rather than storing a duplicate field.,Name-pattern heuristic only; verify determinism before dropping or rebuilding.
log_cons_pcap_sc,segregation_citydata_urban_4000.dta,derivable,log_cons_pcap_sc matches log_<base> and base variable cons_pcap_sc exists,Document the formula and consider deriving rather than storing a duplicate field.,Name-pattern heuristic only; verify determinism before dropping or rebuilding.
log_ent_p_muslim,segregation_blockdata_rural_200.dta,derivable,log_ent_p_muslim matches log_<base> and base variable ent_p_muslim exists,Document the formula and consider deriving rather than storing a duplicate field.,Name-pattern heuristic only; verify determinism before dropping or rebuilding.
log_ent_p_muslim,segregation_blockdata_rural_4000.dta,derivable,log_ent_p_muslim matches log_<base> and base variable ent_p_muslim exists,Document the formula and consider deriving rather than storing a duplicate field.,Name-pattern heuristic only; verify determinism before dropping or rebuilding.
log_ent_p_muslim,segregation_blockdata_urban_200.dta,derivable,log_ent_p_muslim matches log_<base> and base variable ent_p_muslim exists,Document the formula and consider deriving rather than storing a duplicate field.,Name-pattern heuristic only; verify determinism before dropping or rebuilding.
log_ent_p_muslim,segregation_blockdata_urban_4000.dta,derivable,log_ent_p_muslim matches log_<base> and base variable ent_p_muslim exists,Document the formula and consider deriving rather than storing a duplicate field.,Name-pattern heuristic only; verify determinism before dropping or rebuilding.
log_ent_p_nonscmuslim,segregation_blockdata_rural_200.dta,derivable,log_ent_p_nonscmuslim matches log_<base> and base variable ent_p_nonscmuslim exists,Document the formula and consider deriving rather than storing a duplicate field.,Name-pattern heuristic only; verify determinism before dropping or rebuilding.
log_ent_p_nonscmuslim,segregation_blockdata_rural_4000.dta,derivable,log_ent_p_nonscmuslim matches log_<base> and base variable ent_p_nonscmuslim exists,Document the formula and consider deriving rather than storing a duplicate field.,Name-pattern heuristic only; verify determinism before dropping or rebuilding.
log_ent_p_nonscmuslim,segregation_blockdata_urban_200.dta,derivable,log_ent_p_nonscmuslim matches log_<base> and base variable ent_p_nonscmuslim exists,Document the formula and consider deriving rather than storing a duplicate field.,Name-pattern heuristic only; verify determinism before dropping or rebuilding.
log_ent_p_nonscmuslim,segregation_blockdata_urban_4000.dta,derivable,log_ent_p_nonscmuslim matches log_<base> and base variable ent_p_nonscmuslim exists,Document the formula and consider deriving rather than storing a duplicate field.,Name-pattern heuristic only; verify determinism before dropping or rebuilding.
log_ent_p_sc,segregation_blockdata_rural_200.dta,derivable,log_ent_p_sc matches log_<base> and base variable ent_p_sc exists,Document the formula and consider deriving rather than storing a duplicate field.,Name-pattern heuristic only; verify determinism before dropping or rebuilding.
log_ent_p_sc,segregation_blockdata_rural_4000.dta,derivable,log_ent_p_sc matches log_<base> and base variable ent_p_sc exists,Document the formula and consider deriving rather than storing a duplicate field.,Name-pattern heuristic only; verify determinism before dropping or rebuilding.
log_ent_p_sc,segregation_blockdata_urban_200.dta,derivable,log_ent_p_sc matches log_<base> and base variable ent_p_sc exists,Document the formula and consider deriving rather than storing a duplicate field.,Name-pattern heuristic only; verify determinism before dropping or rebuilding.
log_ent_p_sc,segregation_blockdata_urban_4000.dta,derivable,log_ent_p_sc matches log_<base> and base variable ent_p_sc exists,Document the formula and consider deriving rather than storing a duplicate field.,Name-pattern heuristic only; verify determinism before dropping or rebuilding.
log_higher,segregation_blockdata_rural_200.dta,derivable,log_higher matches log_<base> and base variable higher exists,Document the formula and consider deriving rather than storing a duplicate field.,Name-pattern heuristic only; verify determinism before dropping or rebuilding.
log_higher,segregation_blockdata_rural_4000.dta,derivable,log_higher matches log_<base> and base variable higher exists,Document the formula and consider deriving rather than storing a duplicate field.,Name-pattern heuristic only; verify determinism before dropping or rebuilding.
log_higher,segregation_blockdata_urban_200.dta,derivable,log_higher matches log_<base> and base variable higher exists,Document the formula and consider deriving rather than storing a duplicate field.,Name-pattern heuristic only; verify determinism before dropping or rebuilding.
log_higher,segregation_blockdata_urban_4000.dta,derivable,log_higher matches log_<base> and base variable higher exists,Document the formula and consider deriving rather than storing a duplicate field.,Name-pattern heuristic only; verify determinism before dropping or rebuilding.
log_higher,segregation_citydata_rural_200.dta,derivable,log_higher matches log_<base> and base variable higher exists,Document the formula and consider deriving rather than storing a duplicate field.,Name-pattern heuristic only; verify determinism before dropping or rebuilding.
log_higher,segregation_citydata_urban_200.dta,derivable,log_higher matches log_<base> and base variable higher exists,Document the formula and consider deriving rather than storing a duplicate field.,Name-pattern heuristic only; verify determinism before dropping or rebuilding.
log_higher,segregation_citydata_urban_4000.dta,derivable,log_higher matches log_<base> and base variable higher exists,Document the formula and consider deriving rather than storing a duplicate field.,Name-pattern heuristic only; verify determinism before dropping or rebuilding.
log_higher_emp_priv,segregation_blockdata_rural_200.dta,derivable,log_higher_emp_priv matches log_<base> and base variable higher_emp_priv exists,Document the formula and consider deriving rather than storing a duplicate field.,Name-pattern heuristic only; verify determinism before dropping or rebuilding.
log_higher_emp_priv,segregation_blockdata_rural_4000.dta,derivable,log_higher_emp_priv matches log_<base> and base variable higher_emp_priv exists,Document the formula and consider deriving rather than storing a duplicate field.,Name-pattern heuristic only; verify determinism before dropping or rebuilding.
log_higher_emp_priv,segregation_blockdata_urban_200.dta,derivable,log_higher_emp_priv matches log_<base> and base variable higher_emp_priv exists,Document the formula and consider deriving rather than storing a duplicate field.,Name-pattern heuristic only; verify determinism before dropping or rebuilding.
log_higher_emp_priv,segregation_blockdata_urban_4000.dta,derivable,log_higher_emp_priv matches log_<base> and base variable higher_emp_priv exists,Document the formula and consider deriving rather than storing a duplicate field.,Name-pattern heuristic only; verify determinism before dropping or rebuilding.
log_higher_emp_priv,segregation_citydata_rural_200.dta,derivable,log_higher_emp_priv matches log_<base> and base variable higher_emp_priv exists,Document the formula and consider deriving rather than storing a duplicate field.,Name-pattern heuristic only; verify determinism before dropping or rebuilding.
log_higher_emp_priv,segregation_citydata_urban_200.dta,derivable,log_higher_emp_priv matches log_<base> and base variable higher_emp_priv exists,Document the formula and consider deriving rather than storing a duplicate field.,Name-pattern heuristic only; verify determinism before dropping or rebuilding.
log_higher_emp_priv,segregation_citydata_urban_4000.dta,derivable,log_higher_emp_priv matches log_<base> and base variable higher_emp_priv exists,Document the formula and consider deriving rather than storing a duplicate field.,Name-pattern heuristic only; verify determinism before dropping or rebuilding.
log_higher_emp_pub,segregation_blockdata_rural_200.dta,derivable,log_higher_emp_pub matches log_<base> and base variable higher_emp_pub exists,Document the formula and consider deriving rather than storing a duplicate field.,Name-pattern heuristic only; verify determinism before dropping or rebuilding.
log_higher_emp_pub,segregation_blockdata_rural_4000.dta,derivable,log_higher_emp_pub matches log_<base> and base variable higher_emp_pub exists,Document the formula and consider deriving rather than storing a duplicate field.,Name-pattern heuristic only; verify determinism before dropping or rebuilding.
log_higher_emp_pub,segregation_blockdata_urban_200.dta,derivable,log_higher_emp_pub matches log_<base> and base variable higher_emp_pub exists,Document the formula and consider deriving rather than storing a duplicate field.,Name-pattern heuristic only; verify determinism before dropping or rebuilding.
log_higher_emp_pub,segregation_blockdata_urban_4000.dta,derivable,log_higher_emp_pub matches log_<base> and base variable higher_emp_pub exists,Document the formula and consider deriving rather than storing a duplicate field.,Name-pattern heuristic only; verify determinism before dropping or rebuilding.
log_higher_emp_pub,segregation_citydata_rural_200.dta,derivable,log_higher_emp_pub matches log_<base> and base variable higher_emp_pub exists,Document the formula and consider deriving rather than storing a duplicate field.,Name-pattern heuristic only; verify determinism before dropping or rebuilding.
log_higher_emp_pub,segregation_citydata_urban_200.dta,derivable,log_higher_emp_pub matches log_<base> and base variable higher_emp_pub exists,Document the formula and consider deriving rather than storing a duplicate field.,Name-pattern heuristic only; verify determinism before dropping or rebuilding.
log_higher_emp_pub,segregation_citydata_urban_4000.dta,derivable,log_higher_emp_pub matches log_<base> and base variable higher_emp_pub exists,Document the formula and consider deriving rather than storing a duplicate field.,Name-pattern heuristic only; verify determinism before dropping or rebuilding.
log_higher_priv,segregation_blockdata_rural_200.dta,derivable,log_higher_priv matches log_<base> and base variable higher_priv exists,Document the formula and consider deriving rather than storing a duplicate field.,Name-pattern heuristic only; verify determinism before dropping or rebuilding.
log_higher_priv,segregation_blockdata_rural_4000.dta,derivable,log_higher_priv matches log_<base> and base variable higher_priv exists,Document the formula and consider deriving rather than storing a duplicate field.,Name-pattern heuristic only; verify determinism before dropping or rebuilding.
log_higher_priv,segregation_blockdata_urban_200.dta,derivable,log_higher_priv matches log_<base> and base variable higher_priv exists,Document the formula and consider deriving rather than storing a duplicate field.,Name-pattern heuristic only; verify determinism before dropping or rebuilding.
log_higher_priv,segregation_blockdata_urban_4000.dta,derivable,log_higher_priv matches log_<base> and base variable higher_priv exists,Document the formula and consider deriving rather than storing a duplicate field.,Name-pattern heuristic only; verify determinism before dropping or rebuilding.
log_higher_priv,segregation_citydata_rural_200.dta,derivable,log_higher_priv matches log_<base> and base variable higher_priv exists,Document the formula and consider deriving rather than storing a duplicate field.,Name-pattern heuristic only; verify determinism before dropping or rebuilding.
log_higher_priv,segregation_citydata_urban_200.dta,derivable,log_higher_priv matches log_<base> and base variable higher_priv exists,Document the formula and consider deriving rather than storing a duplicate field.,Name-pattern heuristic only; verify determinism before dropping or rebuilding.
log_higher_priv,segregation_citydata_urban_4000.dta,derivable,log_higher_priv matches log_<base> and base variable higher_priv exists,Document the formula and consider deriving rather than storing a duplicate field.,Name-pattern heuristic only; verify determinism before dropping or rebuilding.
log_higher_pub,segregation_blockdata_rural_200.dta,derivable,log_higher_pub matches log_<base> and base variable higher_pub exists,Document the formula and consider deriving rather than storing a duplicate field.,Name-pattern heuristic only; verify determinism before dropping or rebuilding.
log_higher_pub,segregation_blockdata_rural_4000.dta,derivable,log_higher_pub matches log_<base> and base variable higher_pub exists,Document the formula and consider deriving rather than storing a duplicate field.,Name-pattern heuristic only; verify determinism before dropping or rebuilding.
log_higher_pub,segregation_blockdata_urban_200.dta,derivable,log_higher_pub matches log_<base> and base variable higher_pub exists,Document the formula and consider deriving rather than storing a duplicate field.,Name-pattern heuristic only; verify determinism before dropping or rebuilding.
log_higher_pub,segregation_blockdata_urban_4000.dta,derivable,log_higher_pub matches log_<base> and base variable higher_pub exists,Document the formula and consider deriving rather than storing a duplicate field.,Name-pattern heuristic only; verify determinism before dropping or rebuilding.
log_higher_pub,segregation_citydata_rural_200.dta,derivable,log_higher_pub matches log_<base> and base variable higher_pub exists,Document the formula and consider deriving rather than storing a duplicate field.,Name-pattern heuristic only; verify determinism before dropping or rebuilding.
log_higher_pub,segregation_citydata_urban_200.dta,derivable,log_higher_pub matches log_<base> and base variable higher_pub exists,Document the formula and consider deriving rather than storing a duplicate field.,Name-pattern heuristic only; verify determinism before dropping or rebuilding.
log_higher_pub,segregation_citydata_urban_4000.dta,derivable,log_higher_pub matches log_<base> and base variable higher_pub exists,Document the formula and consider deriving rather than storing a duplicate field.,Name-pattern heuristic only; verify determinism before dropping or rebuilding.
log_hospital,segregation_blockdata_rural_200.dta,derivable,log_hospital matches log_<base> and base variable hospital exists,Document the formula and consider deriving rather than storing a duplicate field.,Name-pattern heuristic only; verify determinism before dropping or rebuilding.
log_hospital,segregation_blockdata_rural_4000.dta,derivable,log_hospital matches log_<base> and base variable hospital exists,Document the formula and consider deriving rather than storing a duplicate field.,Name-pattern heuristic only; verify determinism before dropping or rebuilding.
log_hospital,segregation_blockdata_urban_200.dta,derivable,log_hospital matches log_<base> and base variable hospital exists,Document the formula and consider deriving rather than storing a duplicate field.,Name-pattern heuristic only; verify determinism before dropping or rebuilding.
log_hospital,segregation_blockdata_urban_4000.dta,derivable,log_hospital matches log_<base> and base variable hospital exists,Document the formula and consider deriving rather than storing a duplicate field.,Name-pattern heuristic only; verify determinism before dropping or rebuilding.
log_hospital,segregation_citydata_rural_200.dta,derivable,log_hospital matches log_<base> and base variable hospital exists,Document the formula and consider deriving rather than storing a duplicate field.,Name-pattern heuristic only; verify determinism before dropping or rebuilding.
log_hospital,segregation_citydata_urban_200.dta,derivable,log_hospital matches log_<base> and base variable hospital exists,Document the formula and consider deriving rather than storing a duplicate field.,Name-pattern heuristic only; verify determinism before dropping or rebuilding.
log_hospital,segregation_citydata_urban_4000.dta,derivable,log_hospital matches log_<base> and base variable hospital exists,Document the formula and consider deriving rather than storing a duplicate field.,Name-pattern heuristic only; verify determinism before dropping or rebuilding.
log_hospital_emp_priv,segregation_blockdata_rural_200.dta,derivable,log_hospital_emp_priv matches log_<base> and base variable hospital_emp_priv exists,Document the formula and consider deriving rather than storing a duplicate field.,Name-pattern heuristic only; verify determinism before dropping or rebuilding.
log_hospital_emp_priv,segregation_blockdata_rural_4000.dta,derivable,log_hospital_emp_priv matches log_<base> and base variable hospital_emp_priv exists,Document the formula and consider deriving rather than storing a duplicate field.,Name-pattern heuristic only; verify determinism before dropping or rebuilding.
log_hospital_emp_priv,segregation_blockdata_urban_200.dta,derivable,log_hospital_emp_priv matches log_<base> and base variable hospital_emp_priv exists,Document the formula and consider deriving rather than storing a duplicate field.,Name-pattern heuristic only; verify determinism before dropping or rebuilding.
log_hospital_emp_priv,segregation_blockdata_urban_4000.dta,derivable,log_hospital_emp_priv matches log_<base> and base variable hospital_emp_priv exists,Document the formula and consider deriving rather than storing a duplicate field.,Name-pattern heuristic only; verify determinism before dropping or rebuilding.
log_hospital_emp_priv,segregation_citydata_rural_200.dta,derivable,log_hospital_emp_priv matches log_<base> and base variable hospital_emp_priv exists,Document the formula and consider deriving rather than storing a duplicate field.,Name-pattern heuristic only; verify determinism before dropping or rebuilding.
log_hospital_emp_priv,segregation_citydata_urban_200.dta,derivable,log_hospital_emp_priv matches log_<base> and base variable hospital_emp_priv exists,Document the formula and consider deriving rather than storing a duplicate field.,Name-pattern heuristic only; verify determinism before dropping or rebuilding.
log_hospital_emp_priv,segregation_citydata_urban_4000.dta,derivable,log_hospital_emp_priv matches log_<base> and base variable hospital_emp_priv exists,Document the formula and consider deriving rather than storing a duplicate field.,Name-pattern heuristic only; verify determinism before dropping or rebuilding.
log_hospital_emp_pub,segregation_blockdata_rural_200.dta,derivable,log_hospital_emp_pub matches log_<base> and base variable hospital_emp_pub exists,Document the formula and consider deriving rather than storing a duplicate field.,Name-pattern heuristic only; verify determinism before dropping or rebuilding.
log_hospital_emp_pub,segregation_blockdata_rural_4000.dta,derivable,log_hospital_emp_pub matches log_<base> and base variable hospital_emp_pub exists,Document the formula and consider deriving rather than storing a duplicate field.,Name-pattern heuristic only; verify determinism before dropping or rebuilding.
log_hospital_emp_pub,segregation_blockdata_urban_200.dta,derivable,log_hospital_emp_pub matches log_<base> and base variable hospital_emp_pub exists,Document the formula and consider deriving rather than storing a duplicate field.,Name-pattern heuristic only; verify determinism before dropping or rebuilding.
log_hospital_emp_pub,segregation_blockdata_urban_4000.dta,derivable,log_hospital_emp_pub matches log_<base> and base variable hospital_emp_pub exists,Document the formula and consider deriving rather than storing a duplicate field.,Name-pattern heuristic only; verify determinism before dropping or rebuilding.
log_hospital_emp_pub,segregation_citydata_rural_200.dta,derivable,log_hospital_emp_pub matches log_<base> and base variable hospital_emp_pub exists,Document the formula and consider deriving rather than storing a duplicate field.,Name-pattern heuristic only; verify determinism before dropping or rebuilding.
log_hospital_emp_pub,segregation_citydata_urban_200.dta,derivable,log_hospital_emp_pub matches log_<base> and base variable hospital_emp_pub exists,Document the formula and consider deriving rather than storing a duplicate field.,Name-pattern heuristic only; verify determinism before dropping or rebuilding.
log_hospital_emp_pub,segregation_citydata_urban_4000.dta,derivable,log_hospital_emp_pub matches log_<base> and base variable hospital_emp_pub exists,Document the formula and consider deriving rather than storing a duplicate field.,Name-pattern heuristic only; verify determinism before dropping or rebuilding.
log_hospital_priv,segregation_blockdata_rural_200.dta,derivable,log_hospital_priv matches log_<base> and base variable hospital_priv exists,Document the formula and consider deriving rather than storing a duplicate field.,Name-pattern heuristic only; verify determinism before dropping or rebuilding.
log_hospital_priv,segregation_blockdata_rural_4000.dta,derivable,log_hospital_priv matches log_<base> and base variable hospital_priv exists,Document the formula and consider deriving rather than storing a duplicate field.,Name-pattern heuristic only; verify determinism before dropping or rebuilding.
log_hospital_priv,segregation_blockdata_urban_200.dta,derivable,log_hospital_priv matches log_<base> and base variable hospital_priv exists,Document the formula and consider deriving rather than storing a duplicate field.,Name-pattern heuristic only; verify determinism before dropping or rebuilding.
log_hospital_priv,segregation_blockdata_urban_4000.dta,derivable,log_hospital_priv matches log_<base> and base variable hospital_priv exists,Document the formula and consider deriving rather than storing a duplicate field.,Name-pattern heuristic only; verify determinism before dropping or rebuilding.
log_hospital_priv,segregation_citydata_rural_200.dta,derivable,log_hospital_priv matches log_<base> and base variable hospital_priv exists,Document the formula and consider deriving rather than storing a duplicate field.,Name-pattern heuristic only; verify determinism before dropping or rebuilding.
log_hospital_priv,segregation_citydata_urban_200.dta,derivable,log_hospital_priv matches log_<base> and base variable hospital_priv exists,Document the formula and consider deriving rather than storing a duplicate field.,Name-pattern heuristic only; verify determinism before dropping or rebuilding.
log_hospital_priv,segregation_citydata_urban_4000.dta,derivable,log_hospital_priv matches log_<base> and base variable hospital_priv exists,Document the formula and consider deriving rather than storing a duplicate field.,Name-pattern heuristic only; verify determinism before dropping or rebuilding.
log_hospital_pub,segregation_blockdata_rural_200.dta,derivable,log_hospital_pub matches log_<base> and base variable hospital_pub exists,Document the formula and consider deriving rather than storing a duplicate field.,Name-pattern heuristic only; verify determinism before dropping or rebuilding.
log_hospital_pub,segregation_blockdata_rural_4000.dta,derivable,log_hospital_pub matches log_<base> and base variable hospital_pub exists,Document the formula and consider deriving rather than storing a duplicate field.,Name-pattern heuristic only; verify determinism before dropping or rebuilding.
log_hospital_pub,segregation_blockdata_urban_200.dta,derivable,log_hospital_pub matches log_<base> and base variable hospital_pub exists,Document the formula and consider deriving rather than storing a duplicate field.,Name-pattern heuristic only; verify determinism before dropping or rebuilding.
log_hospital_pub,segregation_blockdata_urban_4000.dta,derivable,log_hospital_pub matches log_<base> and base variable hospital_pub exists,Document the formula and consider deriving rather than storing a duplicate field.,Name-pattern heuristic only; verify determinism before dropping or rebuilding.
log_hospital_pub,segregation_citydata_rural_200.dta,derivable,log_hospital_pub matches log_<base> and base variable hospital_pub exists,Document the formula and consider deriving rather than storing a duplicate field.,Name-pattern heuristic only; verify determinism before dropping or rebuilding.
log_hospital_pub,segregation_citydata_urban_200.dta,derivable,log_hospital_pub matches log_<base> and base variable hospital_pub exists,Document the formula and consider deriving rather than storing a duplicate field.,Name-pattern heuristic only; verify determinism before dropping or rebuilding.
log_hospital_pub,segregation_citydata_urban_4000.dta,derivable,log_hospital_pub matches log_<base> and base variable hospital_pub exists,Document the formula and consider deriving rather than storing a duplicate field.,Name-pattern heuristic only; verify determinism before dropping or rebuilding.
log_primary,segregation_blockdata_rural_200.dta,derivable,log_primary matches log_<base> and base variable primary exists,Document the formula and consider deriving rather than storing a duplicate field.,Name-pattern heuristic only; verify determinism before dropping or rebuilding.
log_primary,segregation_blockdata_rural_4000.dta,derivable,log_primary matches log_<base> and base variable primary exists,Document the formula and consider deriving rather than storing a duplicate field.,Name-pattern heuristic only; verify determinism before dropping or rebuilding.
log_primary,segregation_blockdata_urban_200.dta,derivable,log_primary matches log_<base> and base variable primary exists,Document the formula and consider deriving rather than storing a duplicate field.,Name-pattern heuristic only; verify determinism before dropping or rebuilding.
log_primary,segregation_blockdata_urban_4000.dta,derivable,log_primary matches log_<base> and base variable primary exists,Document the formula and consider deriving rather than storing a duplicate field.,Name-pattern heuristic only; verify determinism before dropping or rebuilding.
log_primary,segregation_citydata_rural_200.dta,derivable,log_primary matches log_<base> and base variable primary exists,Document the formula and consider deriving rather than storing a duplicate field.,Name-pattern heuristic only; verify determinism before dropping or rebuilding.
log_primary,segregation_citydata_urban_200.dta,derivable,log_primary matches log_<base> and base variable primary exists,Document the formula and consider deriving rather than storing a duplicate field.,Name-pattern heuristic only; verify determinism before dropping or rebuilding.
log_primary,segregation_citydata_urban_4000.dta,derivable,log_primary matches log_<base> and base variable primary exists,Document the formula and consider deriving rather than storing a duplicate field.,Name-pattern heuristic only; verify determinism before dropping or rebuilding.
log_primary_emp_priv,segregation_blockdata_rural_200.dta,derivable,log_primary_emp_priv matches log_<base> and base variable primary_emp_priv exists,Document the formula and consider deriving rather than storing a duplicate field.,Name-pattern heuristic only; verify determinism before dropping or rebuilding.
log_primary_emp_priv,segregation_blockdata_rural_4000.dta,derivable,log_primary_emp_priv matches log_<base> and base variable primary_emp_priv exists,Document the formula and consider deriving rather than storing a duplicate field.,Name-pattern heuristic only; verify determinism before dropping or rebuilding.
log_primary_emp_priv,segregation_blockdata_urban_200.dta,derivable,log_primary_emp_priv matches log_<base> and base variable primary_emp_priv exists,Document the formula and consider deriving rather than storing a duplicate field.,Name-pattern heuristic only; verify determinism before dropping or rebuilding.
log_primary_emp_priv,segregation_blockdata_urban_4000.dta,derivable,log_primary_emp_priv matches log_<base> and base variable primary_emp_priv exists,Document the formula and consider deriving rather than storing a duplicate field.,Name-pattern heuristic only; verify determinism before dropping or rebuilding.
log_primary_emp_priv,segregation_citydata_rural_200.dta,derivable,log_primary_emp_priv matches log_<base> and base variable primary_emp_priv exists,Document the formula and consider deriving rather than storing a duplicate field.,Name-pattern heuristic only; verify determinism before dropping or rebuilding.
log_primary_emp_priv,segregation_citydata_urban_200.dta,derivable,log_primary_emp_priv matches log_<base> and base variable primary_emp_priv exists,Document the formula and consider deriving rather than storing a duplicate field.,Name-pattern heuristic only; verify determinism before dropping or rebuilding.
log_primary_emp_priv,segregation_citydata_urban_4000.dta,derivable,log_primary_emp_priv matches log_<base> and base variable primary_emp_priv exists,Document the formula and consider deriving rather than storing a duplicate field.,Name-pattern heuristic only; verify determinism before dropping or rebuilding.
log_primary_emp_pub,segregation_blockdata_rural_200.dta,derivable,log_primary_emp_pub matches log_<base> and base variable primary_emp_pub exists,Document the formula and consider deriving rather than storing a duplicate field.,Name-pattern heuristic only; verify determinism before dropping or rebuilding.
log_primary_emp_pub,segregation_blockdata_rural_4000.dta,derivable,log_primary_emp_pub matches log_<base> and base variable primary_emp_pub exists,Document the formula and consider deriving rather than storing a duplicate field.,Name-pattern heuristic only; verify determinism before dropping or rebuilding.
log_primary_emp_pub,segregation_blockdata_urban_200.dta,derivable,log_primary_emp_pub matches log_<base> and base variable primary_emp_pub exists,Document the formula and consider deriving rather than storing a duplicate field.,Name-pattern heuristic only; verify determinism before dropping or rebuilding.
log_primary_emp_pub,segregation_blockdata_urban_4000.dta,derivable,log_primary_emp_pub matches log_<base> and base variable primary_emp_pub exists,Document the formula and consider deriving rather than storing a duplicate field.,Name-pattern heuristic only; verify determinism before dropping or rebuilding.
log_primary_emp_pub,segregation_citydata_rural_200.dta,derivable,log_primary_emp_pub matches log_<base> and base variable primary_emp_pub exists,Document the formula and consider deriving rather than storing a duplicate field.,Name-pattern heuristic only; verify determinism before dropping or rebuilding.
log_primary_emp_pub,segregation_citydata_urban_200.dta,derivable,log_primary_emp_pub matches log_<base> and base variable primary_emp_pub exists,Document the formula and consider deriving rather than storing a duplicate field.,Name-pattern heuristic only; verify determinism before dropping or rebuilding.
log_primary_emp_pub,segregation_citydata_urban_4000.dta,derivable,log_primary_emp_pub matches log_<base> and base variable primary_emp_pub exists,Document the formula and consider deriving rather than storing a duplicate field.,Name-pattern heuristic only; verify determinism before dropping or rebuilding.
log_primary_priv,segregation_blockdata_rural_200.dta,derivable,log_primary_priv matches log_<base> and base variable primary_priv exists,Document the formula and consider deriving rather than storing a duplicate field.,Name-pattern heuristic only; verify determinism before dropping or rebuilding.
log_primary_priv,segregation_blockdata_rural_4000.dta,derivable,log_primary_priv matches log_<base> and base variable primary_priv exists,Document the formula and consider deriving rather than storing a duplicate field.,Name-pattern heuristic only; verify determinism before dropping or rebuilding.
log_primary_priv,segregation_blockdata_urban_200.dta,derivable,log_primary_priv matches log_<base> and base variable primary_priv exists,Document the formula and consider deriving rather than storing a duplicate field.,Name-pattern heuristic only; verify determinism before dropping or rebuilding.
log_primary_priv,segregation_blockdata_urban_4000.dta,derivable,log_primary_priv matches log_<base> and base variable primary_priv exists,Document the formula and consider deriving rather than storing a duplicate field.,Name-pattern heuristic only; verify determinism before dropping or rebuilding.
log_primary_priv,segregation_citydata_rural_200.dta,derivable,log_primary_priv matches log_<base> and base variable primary_priv exists,Document the formula and consider deriving rather than storing a duplicate field.,Name-pattern heuristic only; verify determinism before dropping or rebuilding.
log_primary_priv,segregation_citydata_urban_200.dta,derivable,log_primary_priv matches log_<base> and base variable primary_priv exists,Document the formula and consider deriving rather than storing a duplicate field.,Name-pattern heuristic only; verify determinism before dropping or rebuilding.
log_primary_priv,segregation_citydata_urban_4000.dta,derivable,log_primary_priv matches log_<base> and base variable primary_priv exists,Document the formula and consider deriving rather than storing a duplicate field.,Name-pattern heuristic only; verify determinism before dropping or rebuilding.
log_primary_pub,segregation_blockdata_rural_200.dta,derivable,log_primary_pub matches log_<base> and base variable primary_pub exists,Document the formula and consider deriving rather than storing a duplicate field.,Name-pattern heuristic only; verify determinism before dropping or rebuilding.
log_primary_pub,segregation_blockdata_rural_4000.dta,derivable,log_primary_pub matches log_<base> and base variable primary_pub exists,Document the formula and consider deriving rather than storing a duplicate field.,Name-pattern heuristic only; verify determinism before dropping or rebuilding.
log_primary_pub,segregation_blockdata_urban_200.dta,derivable,log_primary_pub matches log_<base> and base variable primary_pub exists,Document the formula and consider deriving rather than storing a duplicate field.,Name-pattern heuristic only; verify determinism before dropping or rebuilding.
log_primary_pub,segregation_blockdata_urban_4000.dta,derivable,log_primary_pub matches log_<base> and base variable primary_pub exists,Document the formula and consider deriving rather than storing a duplicate field.,Name-pattern heuristic only; verify determinism before dropping or rebuilding.
log_primary_pub,segregation_citydata_rural_200.dta,derivable,log_primary_pub matches log_<base> and base variable primary_pub exists,Document the formula and consider deriving rather than storing a duplicate field.,Name-pattern heuristic only; verify determinism before dropping or rebuilding.
log_primary_pub,segregation_citydata_urban_200.dta,derivable,log_primary_pub matches log_<base> and base variable primary_pub exists,Document the formula and consider deriving rather than storing a duplicate field.,Name-pattern heuristic only; verify determinism before dropping or rebuilding.
log_primary_pub,segregation_citydata_urban_4000.dta,derivable,log_primary_pub matches log_<base> and base variable primary_pub exists,Document the formula and consider deriving rather than storing a duplicate field.,Name-pattern heuristic only; verify determinism before dropping or rebuilding.
log_primary_pub_pc11,segregation_citydata_rural_200.dta,derivable,log_primary_pub_pc11 matches log_<base> and base variable primary_pub_pc11 exists,Document the formula and consider deriving rather than storing a duplicate field.,Name-pattern heuristic only; verify determinism before dropping or rebuilding.
log_primary_pub_pc11,segregation_citydata_urban_200.dta,derivable,log_primary_pub_pc11 matches log_<base> and base variable primary_pub_pc11 exists,Document the formula and consider deriving rather than storing a duplicate field.,Name-pattern heuristic only; verify determinism before dropping or rebuilding.
log_primary_pub_pc11,segregation_citydata_urban_4000.dta,derivable,log_primary_pub_pc11 matches log_<base> and base variable primary_pub_pc11 exists,Document the formula and consider deriving rather than storing a duplicate field.,Name-pattern heuristic only; verify determinism before dropping or rebuilding.
log_secondary,segregation_blockdata_rural_200.dta,derivable,log_secondary matches log_<base> and base variable secondary exists,Document the formula and consider deriving rather than storing a duplicate field.,Name-pattern heuristic only; verify determinism before dropping or rebuilding.
log_secondary,segregation_blockdata_rural_4000.dta,derivable,log_secondary matches log_<base> and base variable secondary exists,Document the formula and consider deriving rather than storing a duplicate field.,Name-pattern heuristic only; verify determinism before dropping or rebuilding.
log_secondary,segregation_blockdata_urban_200.dta,derivable,log_secondary matches log_<base> and base variable secondary exists,Document the formula and consider deriving rather than storing a duplicate field.,Name-pattern heuristic only; verify determinism before dropping or rebuilding.
log_secondary,segregation_blockdata_urban_4000.dta,derivable,log_secondary matches log_<base> and base variable secondary exists,Document the formula and consider deriving rather than storing a duplicate field.,Name-pattern heuristic only; verify determinism before dropping or rebuilding.
log_secondary,segregation_citydata_rural_200.dta,derivable,log_secondary matches log_<base> and base variable secondary exists,Document the formula and consider deriving rather than storing a duplicate field.,Name-pattern heuristic only; verify determinism before dropping or rebuilding.
log_secondary,segregation_citydata_urban_200.dta,derivable,log_secondary matches log_<base> and base variable secondary exists,Document the formula and consider deriving rather than storing a duplicate field.,Name-pattern heuristic only; verify determinism before dropping or rebuilding.
log_secondary,segregation_citydata_urban_4000.dta,derivable,log_secondary matches log_<base> and base variable secondary exists,Document the formula and consider deriving rather than storing a duplicate field.,Name-pattern heuristic only; verify determinism before dropping or rebuilding.
log_secondary_emp_priv,segregation_blockdata_rural_200.dta,derivable,log_secondary_emp_priv matches log_<base> and base variable secondary_emp_priv exists,Document the formula and consider deriving rather than storing a duplicate field.,Name-pattern heuristic only; verify determinism before dropping or rebuilding.
log_secondary_emp_priv,segregation_blockdata_rural_4000.dta,derivable,log_secondary_emp_priv matches log_<base> and base variable secondary_emp_priv exists,Document the formula and consider deriving rather than storing a duplicate field.,Name-pattern heuristic only; verify determinism before dropping or rebuilding.
log_secondary_emp_priv,segregation_blockdata_urban_200.dta,derivable,log_secondary_emp_priv matches log_<base> and base variable secondary_emp_priv exists,Document the formula and consider deriving rather than storing a duplicate field.,Name-pattern heuristic only; verify determinism before dropping or rebuilding.
log_secondary_emp_priv,segregation_blockdata_urban_4000.dta,derivable,log_secondary_emp_priv matches log_<base> and base variable secondary_emp_priv exists,Document the formula and consider deriving rather than storing a duplicate field.,Name-pattern heuristic only; verify determinism before dropping or rebuilding.
log_secondary_emp_priv,segregation_citydata_rural_200.dta,derivable,log_secondary_emp_priv matches log_<base> and base variable secondary_emp_priv exists,Document the formula and consider deriving rather than storing a duplicate field.,Name-pattern heuristic only; verify determinism before dropping or rebuilding.
log_secondary_emp_priv,segregation_citydata_urban_200.dta,derivable,log_secondary_emp_priv matches log_<base> and base variable secondary_emp_priv exists,Document the formula and consider deriving rather than storing a duplicate field.,Name-pattern heuristic only; verify determinism before dropping or rebuilding.
log_secondary_emp_priv,segregation_citydata_urban_4000.dta,derivable,log_secondary_emp_priv matches log_<base> and base variable secondary_emp_priv exists,Document the formula and consider deriving rather than storing a duplicate field.,Name-pattern heuristic only; verify determinism before dropping or rebuilding.
log_secondary_emp_pub,segregation_blockdata_rural_200.dta,derivable,log_secondary_emp_pub matches log_<base> and base variable secondary_emp_pub exists,Document the formula and consider deriving rather than storing a duplicate field.,Name-pattern heuristic only; verify determinism before dropping or rebuilding.
log_secondary_emp_pub,segregation_blockdata_rural_4000.dta,derivable,log_secondary_emp_pub matches log_<base> and base variable secondary_emp_pub exists,Document the formula and consider deriving rather than storing a duplicate field.,Name-pattern heuristic only; verify determinism before dropping or rebuilding.
log_secondary_emp_pub,segregation_blockdata_urban_200.dta,derivable,log_secondary_emp_pub matches log_<base> and base variable secondary_emp_pub exists,Document the formula and consider deriving rather than storing a duplicate field.,Name-pattern heuristic only; verify determinism before dropping or rebuilding.
log_secondary_emp_pub,segregation_blockdata_urban_4000.dta,derivable,log_secondary_emp_pub matches log_<base> and base variable secondary_emp_pub exists,Document the formula and consider deriving rather than storing a duplicate field.,Name-pattern heuristic only; verify determinism before dropping or rebuilding.
log_secondary_emp_pub,segregation_citydata_rural_200.dta,derivable,log_secondary_emp_pub matches log_<base> and base variable secondary_emp_pub exists,Document the formula and consider deriving rather than storing a duplicate field.,Name-pattern heuristic only; verify determinism before dropping or rebuilding.
log_secondary_emp_pub,segregation_citydata_urban_200.dta,derivable,log_secondary_emp_pub matches log_<base> and base variable secondary_emp_pub exists,Document the formula and consider deriving rather than storing a duplicate field.,Name-pattern heuristic only; verify determinism before dropping or rebuilding.
log_secondary_emp_pub,segregation_citydata_urban_4000.dta,derivable,log_secondary_emp_pub matches log_<base> and base variable secondary_emp_pub exists,Document the formula and consider deriving rather than storing a duplicate field.,Name-pattern heuristic only; verify determinism before dropping or rebuilding.
log_secondary_priv,segregation_blockdata_rural_200.dta,derivable,log_secondary_priv matches log_<base> and base variable secondary_priv exists,Document the formula and consider deriving rather than storing a duplicate field.,Name-pattern heuristic only; verify determinism before dropping or rebuilding.
log_secondary_priv,segregation_blockdata_rural_4000.dta,derivable,log_secondary_priv matches log_<base> and base variable secondary_priv exists,Document the formula and consider deriving rather than storing a duplicate field.,Name-pattern heuristic only; verify determinism before dropping or rebuilding.
log_secondary_priv,segregation_blockdata_urban_200.dta,derivable,log_secondary_priv matches log_<base> and base variable secondary_priv exists,Document the formula and consider deriving rather than storing a duplicate field.,Name-pattern heuristic only; verify determinism before dropping or rebuilding.
log_secondary_priv,segregation_blockdata_urban_4000.dta,derivable,log_secondary_priv matches log_<base> and base variable secondary_priv exists,Document the formula and consider deriving rather than storing a duplicate field.,Name-pattern heuristic only; verify determinism before dropping or rebuilding.
log_secondary_priv,segregation_citydata_rural_200.dta,derivable,log_secondary_priv matches log_<base> and base variable secondary_priv exists,Document the formula and consider deriving rather than storing a duplicate field.,Name-pattern heuristic only; verify determinism before dropping or rebuilding.
log_secondary_priv,segregation_citydata_urban_200.dta,derivable,log_secondary_priv matches log_<base> and base variable secondary_priv exists,Document the formula and consider deriving rather than storing a duplicate field.,Name-pattern heuristic only; verify determinism before dropping or rebuilding.
log_secondary_priv,segregation_citydata_urban_4000.dta,derivable,log_secondary_priv matches log_<base> and base variable secondary_priv exists,Document the formula and consider deriving rather than storing a duplicate field.,Name-pattern heuristic only; verify determinism before dropping or rebuilding.
log_secondary_pub,segregation_blockdata_rural_200.dta,derivable,log_secondary_pub matches log_<base> and base variable secondary_pub exists,Document the formula and consider deriving rather than storing a duplicate field.,Name-pattern heuristic only; verify determinism before dropping or rebuilding.
log_secondary_pub,segregation_blockdata_rural_4000.dta,derivable,log_secondary_pub matches log_<base> and base variable secondary_pub exists,Document the formula and consider deriving rather than storing a duplicate field.,Name-pattern heuristic only; verify determinism before dropping or rebuilding.
log_secondary_pub,segregation_blockdata_urban_200.dta,derivable,log_secondary_pub matches log_<base> and base variable secondary_pub exists,Document the formula and consider deriving rather than storing a duplicate field.,Name-pattern heuristic only; verify determinism before dropping or rebuilding.
log_secondary_pub,segregation_blockdata_urban_4000.dta,derivable,log_secondary_pub matches log_<base> and base variable secondary_pub exists,Document the formula and consider deriving rather than storing a duplicate field.,Name-pattern heuristic only; verify determinism before dropping or rebuilding.
log_secondary_pub,segregation_citydata_rural_200.dta,derivable,log_secondary_pub matches log_<base> and base variable secondary_pub exists,Document the formula and consider deriving rather than storing a duplicate field.,Name-pattern heuristic only; verify determinism before dropping or rebuilding.
log_secondary_pub,segregation_citydata_urban_200.dta,derivable,log_secondary_pub matches log_<base> and base variable secondary_pub exists,Document the formula and consider deriving rather than storing a duplicate field.,Name-pattern heuristic only; verify determinism before dropping or rebuilding.
log_secondary_pub,segregation_citydata_urban_4000.dta,derivable,log_secondary_pub matches log_<base> and base variable secondary_pub exists,Document the formula and consider deriving rather than storing a duplicate field.,Name-pattern heuristic only; verify determinism before dropping or rebuilding.
log_secondary_pub_pc11,segregation_citydata_rural_200.dta,derivable,log_secondary_pub_pc11 matches log_<base> and base variable secondary_pub_pc11 exists,Document the formula and consider deriving rather than storing a duplicate field.,Name-pattern heuristic only; verify determinism before dropping or rebuilding.
log_secondary_pub_pc11,segregation_citydata_urban_200.dta,derivable,log_secondary_pub_pc11 matches log_<base> and base variable secondary_pub_pc11 exists,Document the formula and consider deriving rather than storing a duplicate field.,Name-pattern heuristic only; verify determinism before dropping or rebuilding.
log_secondary_pub_pc11,segregation_citydata_urban_4000.dta,derivable,log_secondary_pub_pc11 matches log_<base> and base variable secondary_pub_pc11 exists,Document the formula and consider deriving rather than storing a duplicate field.,Name-pattern heuristic only; verify determinism before dropping or rebuilding.
muslim_share,segregation_blockdata_rural_200.dta,derivable,muslim_share matches <base>_share and base variable muslim exists,Document the formula and consider deriving rather than storing a duplicate field.,Name-pattern heuristic only; verify determinism before dropping or rebuilding.
muslim_share,segregation_blockdata_rural_4000.dta,derivable,muslim_share matches <base>_share and base variable muslim exists,Document the formula and consider deriving rather than storing a duplicate field.,Name-pattern heuristic only; verify determinism before dropping or rebuilding.
muslim_share,segregation_blockdata_urban_200.dta,derivable,muslim_share matches <base>_share and base variable muslim exists,Document the formula and consider deriving rather than storing a duplicate field.,Name-pattern heuristic only; verify determinism before dropping or rebuilding.
muslim_share,segregation_blockdata_urban_4000.dta,derivable,muslim_share matches <base>_share and base variable muslim exists,Document the formula and consider deriving rather than storing a duplicate field.,Name-pattern heuristic only; verify determinism before dropping or rebuilding.
muslim_share,segregation_citydata_rural_200.dta,derivable,muslim_share matches <base>_share and base variable muslim exists,Document the formula and consider deriving rather than storing a duplicate field.,Name-pattern heuristic only; verify determinism before dropping or rebuilding.
muslim_share,segregation_citydata_urban_200.dta,derivable,muslim_share matches <base>_share and base variable muslim exists,Document the formula and consider deriving rather than storing a duplicate field.,Name-pattern heuristic only; verify determinism before dropping or rebuilding.
muslim_share,segregation_citydata_urban_4000.dta,derivable,muslim_share matches <base>_share and base variable muslim exists,Document the formula and consider deriving rather than storing a duplicate field.,Name-pattern heuristic only; verify determinism before dropping or rebuilding.
nonscmuslim_share,segregation_blockdata_rural_200.dta,derivable,nonscmuslim_share matches <base>_share and base variable nonscmuslim exists,Document the formula and consider deriving rather than storing a duplicate field.,Name-pattern heuristic only; verify determinism before dropping or rebuilding.
nonscmuslim_share,segregation_blockdata_rural_4000.dta,derivable,nonscmuslim_share matches <base>_share and base variable nonscmuslim exists,Document the formula and consider deriving rather than storing a duplicate field.,Name-pattern heuristic only; verify determinism before dropping or rebuilding.
nonscmuslim_share,segregation_blockdata_urban_200.dta,derivable,nonscmuslim_share matches <base>_share and base variable nonscmuslim exists,Document the formula and consider deriving rather than storing a duplicate field.,Name-pattern heuristic only; verify determinism before dropping or rebuilding.
nonscmuslim_share,segregation_blockdata_urban_4000.dta,derivable,nonscmuslim_share matches <base>_share and base variable nonscmuslim exists,Document the formula and consider deriving rather than storing a duplicate field.,Name-pattern heuristic only; verify determinism before dropping or rebuilding.
nonscmuslim_share,segregation_citydata_rural_200.dta,derivable,nonscmuslim_share matches <base>_share and base variable nonscmuslim exists,Document the formula and consider deriving rather than storing a duplicate field.,Name-pattern heuristic only; verify determinism before dropping or rebuilding.
nonscmuslim_share,segregation_citydata_urban_200.dta,derivable,nonscmuslim_share matches <base>_share and base variable nonscmuslim exists,Document the formula and consider deriving rather than storing a duplicate field.,Name-pattern heuristic only; verify determinism before dropping or rebuilding.
nonscmuslim_share,segregation_citydata_urban_4000.dta,derivable,nonscmuslim_share matches <base>_share and base variable nonscmuslim exists,Document the formula and consider deriving rather than storing a duplicate field.,Name-pattern heuristic only; verify determinism before dropping or rebuilding.
sc_share,segregation_blockdata_rural_200.dta,derivable,sc_share matches <base>_share and base variable sc exists,Document the formula and consider deriving rather than storing a duplicate field.,Name-pattern heuristic only; verify determinism before dropping or rebuilding.
sc_share,segregation_blockdata_rural_4000.dta,derivable,sc_share matches <base>_share and base variable sc exists,Document the formula and consider deriving rather than storing a duplicate field.,Name-pattern heuristic only; verify determinism before dropping or rebuilding.
sc_share,segregation_blockdata_urban_200.dta,derivable,sc_share matches <base>_share and base variable sc exists,Document the formula and consider deriving rather than storing a duplicate field.,Name-pattern heuristic only; verify determinism before dropping or rebuilding.
sc_share,segregation_blockdata_urban_4000.dta,derivable,sc_share matches <base>_share and base variable sc exists,Document the formula and consider deriving rather than storing a duplicate field.,Name-pattern heuristic only; verify determinism before dropping or rebuilding.
sc_share,segregation_citydata_rural_200.dta,derivable,sc_share matches <base>_share and base variable sc exists,Document the formula and consider deriving rather than storing a duplicate field.,Name-pattern heuristic only; verify determinism before dropping or rebuilding.
sc_share,segregation_citydata_urban_200.dta,derivable,sc_share matches <base>_share and base variable sc exists,Document the formula and consider deriving rather than storing a duplicate field.,Name-pattern heuristic only; verify determinism before dropping or rebuilding.
sc_share,segregation_citydata_urban_4000.dta,derivable,sc_share matches <base>_share and base variable sc exists,Document the formula and consider deriving rather than storing a duplicate field.,Name-pattern heuristic only; verify determinism before dropping or rebuilding.
